"id","createdAt","processingDuration","status","chunk_statuses"
"120048","2023-07-31 02:12:47.605256","94.306698","LABELLING_FINISHED","{""0"": {""dt"": ""2023-07-31T02:14:00.083882"", ""status"": ""LABELLING_FINISHED"", ""weight"": 32}, ""1"": {""dt"": ""2023-07-31T02:14:12.898129"", ""status"": ""LABELLING_FINISHED"", ""weight"": 32}, ""2"": {""dt"": ""2023-07-31T02:14:05.300513"", ""status"": ""LABELLING_FINISHED"", ""weight"": 32}, ""3"": {""dt"": ""2023-07-31T02:13:41.134703"", ""status"": ""LABELLING_FINISHED"", ""weight"": 32}, ""4"": {""dt"": ""2023-07-31T02:14:06.203357"", ""status"": ""LABELLING_FINISHED"", ""weight"": 32}, ""5"": {""dt"": ""2023-07-31T02:14:11.166139"", ""status"": ""LABELLING_FINISHED"", ""weight"": 32}, ""6"": {""dt"": ""2023-07-31T02:14:21.711175"", ""status"": ""LABELLING_FINISHED"", ""weight"": 32}, ""7"": {""dt"": ""2023-07-31T02:14:18.858519"", ""status"": ""LABELLING_FINISHED"", ""weight"": 32}, ""8"": {""dt"": ""2023-07-31T02:13:56.855276"", ""status"": ""LABELLING_FINISHED"", ""weight"": 32}, ""9"": {""dt"": ""2023-07-31T02:14:03.482007"", ""status"": ""LABELLING_FINISHED"", ""weight"": 32}, ""10"": {""dt"": ""2023-07-31T02:14:03.522782"", ""status"": ""LABELLING_FINISHED"", ""weight"": 32}, ""11"": {""dt"": ""2023-07-31T02:14:08.030695"", ""status"": ""LABELLING_FINISHED"", ""weight"": 32}, ""12"": {""dt"": ""2023-07-31T02:14:11.805342"", ""status"": ""LABELLING_FINISHED"", ""weight"": 32}}"
"120049","2023-07-31 02:12:57.505799","85.967887","LABELLING_FINISHED","{""0"": {""dt"": ""2023-07-31T02:13:16.341649"", ""status"": ""LABELLING_FINISHED"", ""weight"": 32}, ""1"": {""dt"": ""2023-07-31T02:13:15.923844"", ""status"": ""LABELLING_FINISHED"", ""weight"": 32}, ""2"": {""dt"": ""2023-07-31T02:14:22.404958"", ""status"": ""LABELLING_FINISHED"", ""weight"": 32}, ""3"": {""dt"": ""2023-07-31T02:14:11.848694"", ""status"": ""LABELLING_FINISHED"", ""weight"": 32}, ""4"": {""dt"": ""2023-07-31T02:14:17.224883"", ""status"": ""LABELLING_FINISHED"", ""weight"": 32}, ""5"": {""dt"": ""2023-07-31T02:14:22.895204"", ""status"": ""LABELLING_FINISHED"", ""weight"": 32}, ""6"": {""dt"": ""2023-07-31T02:14:23.239380"", ""status"": ""LABELLING_FINISHED"", ""weight"": 32}, ""7"": {""dt"": ""2023-07-31T02:13:54.312153"", ""status"": ""LABELLING_FINISHED"", ""weight"": 32}, ""8"": {""dt"": ""2023-07-31T02:13:14.434494"", ""status"": ""LABELLING_FINISHED"", ""weight"": 32}, ""9"": {""dt"": ""2023-07-31T02:14:12.407475"", ""status"": ""LABELLING_FINISHED"", ""weight"": 32}, ""10"": {""dt"": ""2023-07-31T02:14:18.436156"", ""status"": ""LABELLING_FINISHED"", ""weight"": 32}, ""11"": {""dt"": ""2023-07-31T02:14:19.912769"", ""status"": ""LABELLING_FINISHED"", ""weight"": 32}, ""12"": {""dt"": ""2023-07-31T02:14:15.273474"", ""status"": ""LABELLING_FINISHED"", ""weight"": 32}}"
"120050","2023-07-31 02:13:07.509704","147.113018","LABELLING_FINISHED","{""0"": {""dt"": ""2023-07-31T02:14:22.583485"", ""status"": ""LABELLING_FINISHED"", ""weight"": 32}, ""1"": {""dt"": ""2023-07-31T02:13:26.160315"", ""status"": ""LABELLING_FINISHED"", ""weight"": 32}, ""2"": {""dt"": ""2023-07-31T02:14:23.812008"", ""status"": ""LABELLING_FINISHED"", ""weight"": 32}, ""3"": {""dt"": ""2023-07-31T02:13:43.486488"", ""status"": ""LABELLING_FINISHED"", ""weight"": 32}, ""4"": {""dt"": ""2023-07-31T02:13:57.016476"", ""status"": ""LABELLING_FINISHED"", ""weight"": 32}, ""5"": {""dt"": ""2023-07-31T02:13:25.658606"", ""status"": ""LABELLING_FINISHED"", ""weight"": 32}, ""6"": {""dt"": ""2023-07-31T02:15:34.258911"", ""status"": ""LABELLING_FINISHED"", ""weight"": 32}, ""7"": {""dt"": ""2023-07-31T02:15:32.819656"", ""status"": ""LABELLING_FINISHED"", ""weight"": 32}, ""8"": {""dt"": ""2023-07-31T02:13:53.984525"", ""status"": ""LABELLING_FINISHED"", ""weight"": 32}, ""9"": {""dt"": ""2023-07-31T02:13:19.211978"", ""status"": ""LABELLING_FINISHED"", ""weight"": 32}, ""10"": {""dt"": ""2023-07-31T02:13:24.325564"", ""status"": ""LABELLING_FINISHED"", ""weight"": 32}, ""11"": {""dt"": ""2023-07-31T02:13:20.131544"", ""status"": ""LABELLING_FINISHED"", ""weight"": 32}, ""12"": {""dt"": ""2023-07-31T02:13:43.953516"", ""status"": ""LABELLING_FINISHED"", ""weight"": 32}}"
"120051","2023-07-31 02:13:17.50589","167.186466","LABELLING_FINISHED","{""0"": {""dt"": ""2023-07-31T02:15:23.579129"", ""status"": ""LABELLING_FINISHED"", ""weight"": 32}, ""1"": {""dt"": ""2023-07-31T02:15:53.178455"", ""status"": ""LABELLING_FINISHED"", ""weight"": 32}, ""2"": {""dt"": ""2023-07-31T02:13:34.116545"", ""status"": ""LABELLING_FINISHED"", ""weight"": 32}, ""3"": {""dt"": ""2023-07-31T02:13:27.488490"", ""status"": ""LABELLING_FINISHED"", ""weight"": 32}, ""4"": {""dt"": ""2023-07-31T02:13:31.635140"", ""status"": ""LABELLING_FINISHED"", ""weight"": 32}, ""5"": {""dt"": ""2023-07-31T02:15:30.093926"", ""status"": ""LABELLING_FINISHED"", ""weight"": 32}, ""6"": {""dt"": ""2023-07-31T02:13:33.588272"", ""status"": ""LABELLING_FINISHED"", ""weight"": 32}, ""7"": {""dt"": ""2023-07-31T02:16:04.512734"", ""status"": ""LABELLING_FINISHED"", ""weight"": 32}, ""8"": {""dt"": ""2023-07-31T02:14:12.884770"", ""status"": ""LABELLING_FINISHED"", ""weight"": 32}, ""9"": {""dt"": ""2023-07-31T02:13:33.008114"", ""status"": ""LABELLING_FINISHED"", ""weight"": 32}, ""10"": {""dt"": ""2023-07-31T02:15:33.839644"", ""status"": ""LABELLING_FINISHED"", ""weight"": 32}, ""11"": {""dt"": ""2023-07-31T02:15:39.600673"", ""status"": ""LABELLING_FINISHED"", ""weight"": 32}, ""12"": {""dt"": ""2023-07-31T02:14:55.724223"", ""status"": ""LABELLING_FINISHED"", ""weight"": 32}}"
"120052","2023-07-31 02:13:27.505952","159.124394","LABELLING_FINISHED","{""0"": {""dt"": ""2023-07-31T02:13:40.492672"", ""status"": ""LABELLING_FINISHED"", ""weight"": 32}, ""1"": {""dt"": ""2023-07-31T02:15:59.165962"", ""status"": ""LABELLING_FINISHED"", ""weight"": 32}, ""2"": {""dt"": ""2023-07-31T02:13:55.974954"", ""status"": ""LABELLING_FINISHED"", ""weight"": 32}, ""3"": {""dt"": ""2023-07-31T02:13:38.823627"", ""status"": ""LABELLING_FINISHED"", ""weight"": 32}, ""4"": {""dt"": ""2023-07-31T02:13:50.450623"", ""status"": ""LABELLING_FINISHED"", ""weight"": 32}, ""5"": {""dt"": ""2023-07-31T02:13:43.711114"", ""status"": ""LABELLING_FINISHED"", ""weight"": 32}, ""6"": {""dt"": ""2023-07-31T02:13:57.633095"", ""status"": ""LABELLING_FINISHED"", ""weight"": 32}, ""7"": {""dt"": ""2023-07-31T02:16:06.114891"", ""status"": ""LABELLING_FINISHED"", ""weight"": 32}, ""8"": {""dt"": ""2023-07-31T02:15:19.517086"", ""status"": ""LABELLING_FINISHED"", ""weight"": 32}, ""9"": {""dt"": ""2023-07-31T02:13:38.702808"", ""status"": ""LABELLING_FINISHED"", ""weight"": 32}, ""10"": {""dt"": ""2023-07-31T02:15:26.387139"", ""status"": ""LABELLING_FINISHED"", ""weight"": 32}, ""11"": {""dt"": ""2023-07-31T02:13:39.876901"", ""status"": ""LABELLING_FINISHED"", ""weight"": 32}, ""12"": {""dt"": ""2023-07-31T02:13:38.752159"", ""status"": ""LABELLING_FINISHED"", ""weight"": 32}}"
"120053","2023-07-31 02:13:37.51001","158.190771","LABELLING_FINISHED","{""0"": {""dt"": ""2023-07-31T02:15:49.809187"", ""status"": ""LABELLING_FINISHED"", ""weight"": 32}, ""1"": {""dt"": ""2023-07-31T02:14:12.948064"", ""status"": ""LABELLING_FINISHED"", ""weight"": 32}, ""2"": {""dt"": ""2023-07-31T02:14:10.344892"", ""status"": ""LABELLING_FINISHED"", ""weight"": 32}, ""3"": {""dt"": ""2023-07-31T02:15:15.473665"", ""status"": ""LABELLING_FINISHED"", ""weight"": 32}, ""4"": {""dt"": ""2023-07-31T02:15:47.696085"", ""status"": ""LABELLING_FINISHED"", ""weight"": 32}, ""5"": {""dt"": ""2023-07-31T02:16:15.546502"", ""status"": ""LABELLING_FINISHED"", ""weight"": 32}, ""6"": {""dt"": ""2023-07-31T02:16:13.665207"", ""status"": ""LABELLING_FINISHED"", ""weight"": 32}, ""7"": {""dt"": ""2023-07-31T02:13:57.147556"", ""status"": ""LABELLING_FINISHED"", ""weight"": 32}, ""8"": {""dt"": ""2023-07-31T02:15:28.376401"", ""status"": ""LABELLING_FINISHED"", ""weight"": 32}, ""9"": {""dt"": ""2023-07-31T02:15:38.409281"", ""status"": ""LABELLING_FINISHED"", ""weight"": 32}, ""10"": {""dt"": ""2023-07-31T02:13:56.096988"", ""status"": ""LABELLING_FINISHED"", ""weight"": 32}, ""11"": {""dt"": ""2023-07-31T02:13:51.837602"", ""status"": ""LABELLING_FINISHED"", ""weight"": 32}, ""12"": {""dt"": ""2023-07-31T02:13:49.784148"", ""status"": ""LABELLING_FINISHED"", ""weight"": 32}}"
"120054","2023-07-31 02:13:47.508607","146.073432","LABELLING_FINISHED","{""0"": {""dt"": ""2023-07-31T02:14:01.813978"", ""status"": ""LABELLING_FINISHED"", ""weight"": 32}, ""1"": {""dt"": ""2023-07-31T02:16:11.091223"", ""status"": ""LABELLING_FINISHED"", ""weight"": 32}, ""2"": {""dt"": ""2023-07-31T02:16:10.839247"", ""status"": ""LABELLING_FINISHED"", ""weight"": 32}, ""3"": {""dt"": ""2023-07-31T02:15:49.067384"", ""status"": ""LABELLING_FINISHED"", ""weight"": 32}, ""4"": {""dt"": ""2023-07-31T02:15:55.262290"", ""status"": ""LABELLING_FINISHED"", ""weight"": 32}, ""5"": {""dt"": ""2023-07-31T02:14:05.791547"", ""status"": ""LABELLING_FINISHED"", ""weight"": 32}, ""6"": {""dt"": ""2023-07-31T02:14:07.673950"", ""status"": ""LABELLING_FINISHED"", ""weight"": 32}, ""7"": {""dt"": ""2023-07-31T02:14:06.043703"", ""status"": ""LABELLING_FINISHED"", ""weight"": 32}, ""8"": {""dt"": ""2023-07-31T02:13:59.339093"", ""status"": ""LABELLING_FINISHED"", ""weight"": 32}, ""9"": {""dt"": ""2023-07-31T02:15:53.981471"", ""status"": ""LABELLING_FINISHED"", ""weight"": 32}, ""10"": {""dt"": ""2023-07-31T02:16:13.394460"", ""status"": ""LABELLING_FINISHED"", ""weight"": 32}, ""11"": {""dt"": ""2023-07-31T02:16:06.602580"", ""status"": ""LABELLING_FINISHED"", ""weight"": 32}, ""12"": {""dt"": ""2023-07-31T02:13:59.876733"", ""status"": ""LABELLING_FINISHED"", ""weight"": 32}}"
"120055","2023-07-31 02:13:57.508507","142.100526","LABELLING_FINISHED","{""0"": {""dt"": ""2023-07-31T02:14:10.036278"", ""status"": ""LABELLING_FINISHED"", ""weight"": 32}, ""1"": {""dt"": ""2023-07-31T02:14:23.824827"", ""status"": ""LABELLING_FINISHED"", ""weight"": 32}, ""2"": {""dt"": ""2023-07-31T02:16:16.088693"", ""status"": ""LABELLING_FINISHED"", ""weight"": 32}, ""3"": {""dt"": ""2023-07-31T02:15:53.127353"", ""status"": ""LABELLING_FINISHED"", ""weight"": 32}, ""4"": {""dt"": ""2023-07-31T02:16:14.366282"", ""status"": ""LABELLING_FINISHED"", ""weight"": 32}, ""5"": {""dt"": ""2023-07-31T02:16:06.206053"", ""status"": ""LABELLING_FINISHED"", ""weight"": 32}, ""6"": {""dt"": ""2023-07-31T02:16:19.015000"", ""status"": ""LABELLING_FINISHED"", ""weight"": 32}, ""7"": {""dt"": ""2023-07-31T02:16:06.074347"", ""status"": ""LABELLING_FINISHED"", ""weight"": 32}, ""8"": {""dt"": ""2023-07-31T02:15:40.935740"", ""status"": ""LABELLING_FINISHED"", ""weight"": 32}, ""9"": {""dt"": ""2023-07-31T02:14:12.560407"", ""status"": ""LABELLING_FINISHED"", ""weight"": 32}, ""10"": {""dt"": ""2023-07-31T02:14:21.520346"", ""status"": ""LABELLING_FINISHED"", ""weight"": 32}, ""11"": {""dt"": ""2023-07-31T02:16:05.095807"", ""status"": ""LABELLING_FINISHED"", ""weight"": 32}, ""12"": {""dt"": ""2023-07-31T02:14:11.642619"", ""status"": ""LABELLING_FINISHED"", ""weight"": 32}}"
"120056","2023-07-31 02:14:07.509157","129.944345","LABELLING_FINISHED","{""0"": {""dt"": ""2023-07-31T02:16:06.602077"", ""status"": ""LABELLING_FINISHED"", ""weight"": 32}, ""1"": {""dt"": ""2023-07-31T02:14:25.875239"", ""status"": ""LABELLING_FINISHED"", ""weight"": 32}, ""2"": {""dt"": ""2023-07-31T02:14:25.743396"", ""status"": ""LABELLING_FINISHED"", ""weight"": 32}, ""3"": {""dt"": ""2023-07-31T02:14:23.537987"", ""status"": ""LABELLING_FINISHED"", ""weight"": 32}, ""4"": {""dt"": ""2023-07-31T02:14:27.548207"", ""status"": ""LABELLING_FINISHED"", ""weight"": 32}, ""5"": {""dt"": ""2023-07-31T02:14:28.396810"", ""status"": ""LABELLING_FINISHED"", ""weight"": 32}, ""6"": {""dt"": ""2023-07-31T02:14:26.911269"", ""status"": ""LABELLING_FINISHED"", ""weight"": 32}, ""7"": {""dt"": ""2023-07-31T02:16:17.006889"", ""status"": ""LABELLING_FINISHED"", ""weight"": 32}, ""8"": {""dt"": ""2023-07-31T02:14:23.733734"", ""status"": ""LABELLING_FINISHED"", ""weight"": 32}, ""9"": {""dt"": ""2023-07-31T02:14:24.226970"", ""status"": ""LABELLING_FINISHED"", ""weight"": 32}, ""10"": {""dt"": ""2023-07-31T02:14:23.396193"", ""status"": ""LABELLING_FINISHED"", ""weight"": 32}, ""11"": {""dt"": ""2023-07-31T02:16:17.260657"", ""status"": ""LABELLING_FINISHED"", ""weight"": 32}, ""12"": {""dt"": ""2023-07-31T02:16:06.881140"", ""status"": ""LABELLING_FINISHED"", ""weight"": 32}}"
"120057","2023-07-31 02:14:17.50926","19.820493","LABELLING_FINISHED","{""0"": {""dt"": ""2023-07-31T02:14:30.102222"", ""status"": ""LABELLING_FINISHED"", ""weight"": 32}, ""1"": {""dt"": ""2023-07-31T02:14:36.122512"", ""status"": ""LABELLING_FINISHED"", ""weight"": 32}, ""2"": {""dt"": ""2023-07-31T02:14:30.343218"", ""status"": ""LABELLING_FINISHED"", ""weight"": 32}, ""3"": {""dt"": ""2023-07-31T02:14:33.053000"", ""status"": ""LABELLING_FINISHED"", ""weight"": 32}, ""4"": {""dt"": ""2023-07-31T02:14:33.102265"", ""status"": ""LABELLING_FINISHED"", ""weight"": 32}, ""5"": {""dt"": ""2023-07-31T02:14:33.766288"", ""status"": ""LABELLING_FINISHED"", ""weight"": 32}, ""6"": {""dt"": ""2023-07-31T02:14:37.140437"", ""status"": ""LABELLING_FINISHED"", ""weight"": 32}, ""7"": {""dt"": ""2023-07-31T02:14:32.337849"", ""status"": ""LABELLING_FINISHED"", ""weight"": 32}, ""8"": {""dt"": ""2023-07-31T02:14:30.745349"", ""status"": ""LABELLING_FINISHED"", ""weight"": 32}, ""9"": {""dt"": ""2023-07-31T02:14:35.900471"", ""status"": ""LABELLING_FINISHED"", ""weight"": 32}, ""10"": {""dt"": ""2023-07-31T02:14:36.949881"", ""status"": ""LABELLING_FINISHED"", ""weight"": 32}, ""11"": {""dt"": ""2023-07-31T02:14:34.672867"", ""status"": ""LABELLING_FINISHED"", ""weight"": 32}, ""12"": {""dt"": ""2023-07-31T02:14:36.035138"", ""status"": ""LABELLING_FINISHED"", ""weight"": 32}}"
"120058","2023-07-31 02:14:27.512288","49.731584","LABELLING_FINISHED","{""0"": {""dt"": ""2023-07-31T02:14:40.422509"", ""status"": ""LABELLING_FINISHED"", ""weight"": 32}, ""1"": {""dt"": ""2023-07-31T02:14:51.629824"", ""status"": ""LABELLING_FINISHED"", ""weight"": 32}, ""2"": {""dt"": ""2023-07-31T02:14:49.758105"", ""status"": ""LABELLING_FINISHED"", ""weight"": 32}, ""3"": {""dt"": ""2023-07-31T02:14:57.101387"", ""status"": ""LABELLING_FINISHED"", ""weight"": 32}, ""4"": {""dt"": ""2023-07-31T02:15:02.577662"", ""status"": ""LABELLING_FINISHED"", ""weight"": 32}, ""5"": {""dt"": ""2023-07-31T02:14:53.677479"", ""status"": ""LABELLING_FINISHED"", ""weight"": 32}, ""6"": {""dt"": ""2023-07-31T02:15:16.922440"", ""status"": ""LABELLING_FINISHED"", ""weight"": 32}, ""7"": {""dt"": ""2023-07-31T02:14:59.358084"", ""status"": ""LABELLING_FINISHED"", ""weight"": 32}, ""8"": {""dt"": ""2023-07-31T02:14:56.648922"", ""status"": ""LABELLING_FINISHED"", ""weight"": 32}, ""9"": {""dt"": ""2023-07-31T02:15:06.299780"", ""status"": ""LABELLING_FINISHED"", ""weight"": 32}, ""10"": {""dt"": ""2023-07-31T02:14:56.992173"", ""status"": ""LABELLING_FINISHED"", ""weight"": 32}, ""11"": {""dt"": ""2023-07-31T02:14:40.274750"", ""status"": ""LABELLING_FINISHED"", ""weight"": 32}, ""12"": {""dt"": ""2023-07-31T02:14:42.497417"", ""status"": ""LABELLING_FINISHED"", ""weight"": 32}}"
"120059","2023-07-31 02:14:37.506145","28.057619","LABELLING_FINISHED","{""0"": {""dt"": ""2023-07-31T02:15:02.596468"", ""status"": ""LABELLING_FINISHED"", ""weight"": 32}, ""1"": {""dt"": ""2023-07-31T02:14:55.806104"", ""status"": ""LABELLING_FINISHED"", ""weight"": 32}, ""2"": {""dt"": ""2023-07-31T02:14:50.154643"", ""status"": ""LABELLING_FINISHED"", ""weight"": 32}, ""3"": {""dt"": ""2023-07-31T02:14:57.040908"", ""status"": ""LABELLING_FINISHED"", ""weight"": 32}, ""4"": {""dt"": ""2023-07-31T02:14:57.812045"", ""status"": ""LABELLING_FINISHED"", ""weight"": 32}, ""5"": {""dt"": ""2023-07-31T02:14:53.194629"", ""status"": ""LABELLING_FINISHED"", ""weight"": 32}, ""6"": {""dt"": ""2023-07-31T02:14:57.283501"", ""status"": ""LABELLING_FINISHED"", ""weight"": 32}, ""7"": {""dt"": ""2023-07-31T02:14:52.727328"", ""status"": ""LABELLING_FINISHED"", ""weight"": 32}, ""8"": {""dt"": ""2023-07-31T02:14:48.420172"", ""status"": ""LABELLING_FINISHED"", ""weight"": 32}, ""9"": {""dt"": ""2023-07-31T02:15:05.315964"", ""status"": ""LABELLING_FINISHED"", ""weight"": 32}, ""10"": {""dt"": ""2023-07-31T02:14:51.250916"", ""status"": ""LABELLING_FINISHED"", ""weight"": 32}, ""11"": {""dt"": ""2023-07-31T02:14:52.788993"", ""status"": ""LABELLING_FINISHED"", ""weight"": 32}, ""12"": {""dt"": ""2023-07-31T02:14:56.825135"", ""status"": ""LABELLING_FINISHED"", ""weight"": 32}}"
"120060","2023-07-31 02:14:47.505314","46.835178","LABELLING_FINISHED","{""0"": {""dt"": ""2023-07-31T02:15:01.548149"", ""status"": ""LABELLING_FINISHED"", ""weight"": 32}, ""1"": {""dt"": ""2023-07-31T02:15:07.568924"", ""status"": ""LABELLING_FINISHED"", ""weight"": 32}, ""2"": {""dt"": ""2023-07-31T02:15:06.271946"", ""status"": ""LABELLING_FINISHED"", ""weight"": 32}, ""3"": {""dt"": ""2023-07-31T02:14:57.497305"", ""status"": ""LABELLING_FINISHED"", ""weight"": 32}, ""4"": {""dt"": ""2023-07-31T02:15:15.572509"", ""status"": ""LABELLING_FINISHED"", ""weight"": 32}, ""5"": {""dt"": ""2023-07-31T02:15:19.371790"", ""status"": ""LABELLING_FINISHED"", ""weight"": 32}, ""6"": {""dt"": ""2023-07-31T02:15:34.079780"", ""status"": ""LABELLING_FINISHED"", ""weight"": 32}, ""7"": {""dt"": ""2023-07-31T02:15:03.187536"", ""status"": ""LABELLING_FINISHED"", ""weight"": 32}, ""8"": {""dt"": ""2023-07-31T02:15:15.501130"", ""status"": ""LABELLING_FINISHED"", ""weight"": 32}, ""9"": {""dt"": ""2023-07-31T02:15:02.606131"", ""status"": ""LABELLING_FINISHED"", ""weight"": 32}, ""10"": {""dt"": ""2023-07-31T02:15:02.305028"", ""status"": ""LABELLING_FINISHED"", ""weight"": 32}, ""11"": {""dt"": ""2023-07-31T02:15:01.554537"", ""status"": ""LABELLING_FINISHED"", ""weight"": 32}, ""12"": {""dt"": ""2023-07-31T02:15:00.663205"", ""status"": ""LABELLING_FINISHED"", ""weight"": 32}}"
"120061","2023-07-31 02:14:57.521364","51.642218","LABELLING_FINISHED","{""0"": {""dt"": ""2023-07-31T02:15:13.486096"", ""status"": ""LABELLING_FINISHED"", ""weight"": 32}, ""1"": {""dt"": ""2023-07-31T02:15:15.363856"", ""status"": ""LABELLING_FINISHED"", ""weight"": 32}, ""2"": {""dt"": ""2023-07-31T02:15:11.507776"", ""status"": ""LABELLING_FINISHED"", ""weight"": 32}, ""3"": {""dt"": ""2023-07-31T02:15:07.477963"", ""status"": ""LABELLING_FINISHED"", ""weight"": 32}, ""4"": {""dt"": ""2023-07-31T02:15:12.835304"", ""status"": ""LABELLING_FINISHED"", ""weight"": 32}, ""5"": {""dt"": ""2023-07-31T02:15:16.938538"", ""status"": ""LABELLING_FINISHED"", ""weight"": 32}, ""6"": {""dt"": ""2023-07-31T02:15:48.975835"", ""status"": ""LABELLING_FINISHED"", ""weight"": 32}, ""7"": {""dt"": ""2023-07-31T02:15:13.597076"", ""status"": ""LABELLING_FINISHED"", ""weight"": 32}, ""8"": {""dt"": ""2023-07-31T02:15:08.713761"", ""status"": ""LABELLING_FINISHED"", ""weight"": 32}, ""9"": {""dt"": ""2023-07-31T02:15:12.229142"", ""status"": ""LABELLING_FINISHED"", ""weight"": 32}, ""10"": {""dt"": ""2023-07-31T02:15:15.287477"", ""status"": ""LABELLING_FINISHED"", ""weight"": 32}, ""11"": {""dt"": ""2023-07-31T02:15:10.504193"", ""status"": ""LABELLING_FINISHED"", ""weight"": 32}, ""12"": {""dt"": ""2023-07-31T02:15:12.347289"", ""status"": ""LABELLING_FINISHED"", ""weight"": 32}}"
"120064","2023-07-31 02:15:07.508432","71.965192","LABELLING_FINISHED","{""0"": {""dt"": ""2023-07-31T02:15:54.464832"", ""status"": ""LABELLING_FINISHED"", ""weight"": 32}, ""1"": {""dt"": ""2023-07-31T02:15:22.810670"", ""status"": ""LABELLING_FINISHED"", ""weight"": 32}, ""2"": {""dt"": ""2023-07-31T02:15:23.483255"", ""status"": ""LABELLING_FINISHED"", ""weight"": 32}, ""3"": {""dt"": ""2023-07-31T02:15:22.503762"", ""status"": ""LABELLING_FINISHED"", ""weight"": 32}, ""4"": {""dt"": ""2023-07-31T02:15:19.071830"", ""status"": ""LABELLING_FINISHED"", ""weight"": 32}, ""5"": {""dt"": ""2023-07-31T02:15:24.957078"", ""status"": ""LABELLING_FINISHED"", ""weight"": 32}, ""6"": {""dt"": ""2023-07-31T02:16:17.433216"", ""status"": ""LABELLING_FINISHED"", ""weight"": 32}, ""7"": {""dt"": ""2023-07-31T02:16:18.981497"", ""status"": ""LABELLING_FINISHED"", ""weight"": 32}, ""8"": {""dt"": ""2023-07-31T02:15:33.767179"", ""status"": ""LABELLING_FINISHED"", ""weight"": 32}, ""9"": {""dt"": ""2023-07-31T02:15:19.367292"", ""status"": ""LABELLING_FINISHED"", ""weight"": 32}, ""10"": {""dt"": ""2023-07-31T02:15:24.064467"", ""status"": ""LABELLING_FINISHED"", ""weight"": 32}, ""11"": {""dt"": ""2023-07-31T02:15:44.568767"", ""status"": ""LABELLING_FINISHED"", ""weight"": 32}, ""12"": {""dt"": ""2023-07-31T02:15:59.163787"", ""status"": ""LABELLING_FINISHED"", ""weight"": 32}}"
"120065","2023-07-31 02:15:17.511924","98.268792","LABELLING_FINISHED","{""0"": {""dt"": ""2023-07-31T02:16:06.088992"", ""status"": ""LABELLING_FINISHED"", ""weight"": 32}, ""1"": {""dt"": ""2023-07-31T02:15:31.796513"", ""status"": ""LABELLING_FINISHED"", ""weight"": 32}, ""2"": {""dt"": ""2023-07-31T02:16:55.513813"", ""status"": ""LABELLING_FINISHED"", ""weight"": 32}, ""3"": {""dt"": ""2023-07-31T02:15:29.840723"", ""status"": ""LABELLING_FINISHED"", ""weight"": 32}, ""4"": {""dt"": ""2023-07-31T02:15:36.260475"", ""status"": ""LABELLING_FINISHED"", ""weight"": 32}, ""5"": {""dt"": ""2023-07-31T02:15:35.306013"", ""status"": ""LABELLING_FINISHED"", ""weight"": 32}, ""6"": {""dt"": ""2023-07-31T02:15:36.792091"", ""status"": ""LABELLING_FINISHED"", ""weight"": 32}, ""7"": {""dt"": ""2023-07-31T02:15:34.356053"", ""status"": ""LABELLING_FINISHED"", ""weight"": 32}, ""8"": {""dt"": ""2023-07-31T02:15:54.758568"", ""status"": ""LABELLING_FINISHED"", ""weight"": 32}, ""9"": {""dt"": ""2023-07-31T02:16:15.250119"", ""status"": ""LABELLING_FINISHED"", ""weight"": 32}, ""10"": {""dt"": ""2023-07-31T02:15:31.565059"", ""status"": ""LABELLING_FINISHED"", ""weight"": 32}, ""11"": {""dt"": ""2023-07-31T02:15:34.847517"", ""status"": ""LABELLING_FINISHED"", ""weight"": 32}, ""12"": {""dt"": ""2023-07-31T02:15:31.549704"", ""status"": ""LABELLING_FINISHED"", ""weight"": 32}}"
"120066","2023-07-31 02:15:27.506781","83.785348","LABELLING_FINISHED","{""0"": {""dt"": ""2023-07-31T02:15:43.967438"", ""status"": ""LABELLING_FINISHED"", ""weight"": 32}, ""1"": {""dt"": ""2023-07-31T02:15:45.608459"", ""status"": ""LABELLING_FINISHED"", ""weight"": 32}, ""2"": {""dt"": ""2023-07-31T02:15:44.186225"", ""status"": ""LABELLING_FINISHED"", ""weight"": 32}, ""3"": {""dt"": ""2023-07-31T02:15:40.001432"", ""status"": ""LABELLING_FINISHED"", ""weight"": 32}, ""4"": {""dt"": ""2023-07-31T02:15:44.095374"", ""status"": ""LABELLING_FINISHED"", ""weight"": 32}, ""5"": {""dt"": ""2023-07-31T02:15:47.712729"", ""status"": ""LABELLING_FINISHED"", ""weight"": 32}, ""6"": {""dt"": ""2023-07-31T02:15:48.599210"", ""status"": ""LABELLING_FINISHED"", ""weight"": 32}, ""7"": {""dt"": ""2023-07-31T02:15:42.432277"", ""status"": ""LABELLING_FINISHED"", ""weight"": 32}, ""8"": {""dt"": ""2023-07-31T02:16:44.073562"", ""status"": ""LABELLING_FINISHED"", ""weight"": 32}, ""9"": {""dt"": ""2023-07-31T02:16:35.345712"", ""status"": ""LABELLING_FINISHED"", ""weight"": 32}, ""10"": {""dt"": ""2023-07-31T02:15:38.983352"", ""status"": ""LABELLING_FINISHED"", ""weight"": 32}, ""11"": {""dt"": ""2023-07-31T02:15:44.995766"", ""status"": ""LABELLING_FINISHED"", ""weight"": 32}, ""12"": {""dt"": ""2023-07-31T02:16:50.989743"", ""status"": ""LABELLING_FINISHED"", ""weight"": 32}}"
"120067","2023-07-31 02:15:37.50728","85.950256","LABELLING_FINISHED","{""0"": {""dt"": ""2023-07-31T02:15:52.184195"", ""status"": ""LABELLING_FINISHED"", ""weight"": 32}, ""1"": {""dt"": ""2023-07-31T02:15:54.316936"", ""status"": ""LABELLING_FINISHED"", ""weight"": 32}, ""2"": {""dt"": ""2023-07-31T02:16:58.033665"", ""status"": ""LABELLING_FINISHED"", ""weight"": 32}, ""3"": {""dt"": ""2023-07-31T02:16:26.450553"", ""status"": ""LABELLING_FINISHED"", ""weight"": 32}, ""4"": {""dt"": ""2023-07-31T02:16:52.340037"", ""status"": ""LABELLING_FINISHED"", ""weight"": 32}, ""5"": {""dt"": ""2023-07-31T02:16:59.109052"", ""status"": ""LABELLING_FINISHED"", ""weight"": 32}, ""6"": {""dt"": ""2023-07-31T02:15:57.283683"", ""status"": ""LABELLING_FINISHED"", ""weight"": 32}, ""7"": {""dt"": ""2023-07-31T02:17:02.558859"", ""status"": ""LABELLING_FINISHED"", ""weight"": 32}, ""8"": {""dt"": ""2023-07-31T02:15:51.918207"", ""status"": ""LABELLING_FINISHED"", ""weight"": 32}, ""9"": {""dt"": ""2023-07-31T02:15:53.237538"", ""status"": ""LABELLING_FINISHED"", ""weight"": 32}, ""10"": {""dt"": ""2023-07-31T02:15:54.521511"", ""status"": ""LABELLING_FINISHED"", ""weight"": 32}, ""11"": {""dt"": ""2023-07-31T02:15:54.481954"", ""status"": ""LABELLING_FINISHED"", ""weight"": 32}, ""12"": {""dt"": ""2023-07-31T02:15:48.774427"", ""status"": ""LABELLING_FINISHED"", ""weight"": 32}}"
"120068","2023-07-31 02:15:47.507258","76.298546","LABELLING_FINISHED","{""0"": {""dt"": ""2023-07-31T02:16:57.373961"", ""status"": ""LABELLING_FINISHED"", ""weight"": 32}, ""1"": {""dt"": ""2023-07-31T02:17:02.220123"", ""status"": ""LABELLING_FINISHED"", ""weight"": 32}, ""2"": {""dt"": ""2023-07-31T02:17:02.028014"", ""status"": ""LABELLING_FINISHED"", ""weight"": 32}, ""3"": {""dt"": ""2023-07-31T02:16:56.682287"", ""status"": ""LABELLING_FINISHED"", ""weight"": 32}, ""4"": {""dt"": ""2023-07-31T02:15:59.224945"", ""status"": ""LABELLING_FINISHED"", ""weight"": 32}, ""5"": {""dt"": ""2023-07-31T02:16:07.520069"", ""status"": ""LABELLING_FINISHED"", ""weight"": 32}, ""6"": {""dt"": ""2023-07-31T02:16:18.674290"", ""status"": ""LABELLING_FINISHED"", ""weight"": 32}, ""7"": {""dt"": ""2023-07-31T02:16:17.082214"", ""status"": ""LABELLING_FINISHED"", ""weight"": 32}, ""8"": {""dt"": ""2023-07-31T02:15:59.604967"", ""status"": ""LABELLING_FINISHED"", ""weight"": 32}, ""9"": {""dt"": ""2023-07-31T02:16:55.404644"", ""status"": ""LABELLING_FINISHED"", ""weight"": 32}, ""10"": {""dt"": ""2023-07-31T02:16:02.511827"", ""status"": ""LABELLING_FINISHED"", ""weight"": 32}, ""11"": {""dt"": ""2023-07-31T02:16:02.042870"", ""status"": ""LABELLING_FINISHED"", ""weight"": 32}, ""12"": {""dt"": ""2023-07-31T02:16:02.283240"", ""status"": ""LABELLING_FINISHED"", ""weight"": 32}}"
"120069","2023-07-31 02:15:57.515711","66.079702","LABELLING_FINISHED","{""0"": {""dt"": ""2023-07-31T02:16:58.213719"", ""status"": ""LABELLING_FINISHED"", ""weight"": 32}, ""1"": {""dt"": ""2023-07-31T02:17:02.154692"", ""status"": ""LABELLING_FINISHED"", ""weight"": 32}, ""2"": {""dt"": ""2023-07-31T02:16:18.737078"", ""status"": ""LABELLING_FINISHED"", ""weight"": 32}, ""3"": {""dt"": ""2023-07-31T02:16:59.284252"", ""status"": ""LABELLING_FINISHED"", ""weight"": 32}, ""4"": {""dt"": ""2023-07-31T02:16:18.508488"", ""status"": ""LABELLING_FINISHED"", ""weight"": 32}, ""5"": {""dt"": ""2023-07-31T02:16:19.111819"", ""status"": ""LABELLING_FINISHED"", ""weight"": 32}, ""6"": {""dt"": ""2023-07-31T02:16:19.183996"", ""status"": ""LABELLING_FINISHED"", ""weight"": 32}, ""7"": {""dt"": ""2023-07-31T02:16:18.751715"", ""status"": ""LABELLING_FINISHED"", ""weight"": 32}, ""8"": {""dt"": ""2023-07-31T02:16:14.997078"", ""status"": ""LABELLING_FINISHED"", ""weight"": 32}, ""9"": {""dt"": ""2023-07-31T02:16:39.909873"", ""status"": ""LABELLING_FINISHED"", ""weight"": 32}, ""10"": {""dt"": ""2023-07-31T02:16:18.808283"", ""status"": ""LABELLING_FINISHED"", ""weight"": 32}, ""11"": {""dt"": ""2023-07-31T02:16:18.431097"", ""status"": ""LABELLING_FINISHED"", ""weight"": 32}, ""12"": {""dt"": ""2023-07-31T02:17:02.316900"", ""status"": ""LABELLING_FINISHED"", ""weight"": 32}}"
"120070","2023-07-31 02:16:07.515113","22.744692","LABELLING_FINISHED","{""0"": {""dt"": ""2023-07-31T02:16:29.642616"", ""status"": ""LABELLING_FINISHED"", ""weight"": 32}, ""1"": {""dt"": ""2023-07-31T02:16:25.498087"", ""status"": ""LABELLING_FINISHED"", ""weight"": 32}, ""2"": {""dt"": ""2023-07-31T02:16:20.421844"", ""status"": ""LABELLING_FINISHED"", ""weight"": 32}, ""3"": {""dt"": ""2023-07-31T02:16:23.040161"", ""status"": ""LABELLING_FINISHED"", ""weight"": 32}, ""4"": {""dt"": ""2023-07-31T02:16:21.674375"", ""status"": ""LABELLING_FINISHED"", ""weight"": 32}, ""5"": {""dt"": ""2023-07-31T02:16:30.037690"", ""status"": ""LABELLING_FINISHED"", ""weight"": 32}, ""6"": {""dt"": ""2023-07-31T02:16:24.323368"", ""status"": ""LABELLING_FINISHED"", ""weight"": 32}, ""7"": {""dt"": ""2023-07-31T02:16:28.624593"", ""status"": ""LABELLING_FINISHED"", ""weight"": 32}, ""8"": {""dt"": ""2023-07-31T02:16:20.061663"", ""status"": ""LABELLING_FINISHED"", ""weight"": 32}, ""9"": {""dt"": ""2023-07-31T02:16:19.467929"", ""status"": ""LABELLING_FINISHED"", ""weight"": 32}, ""10"": {""dt"": ""2023-07-31T02:16:29.430309"", ""status"": ""LABELLING_FINISHED"", ""weight"": 32}, ""11"": {""dt"": ""2023-07-31T02:16:23.107357"", ""status"": ""LABELLING_FINISHED"", ""weight"": 32}, ""12"": {""dt"": ""2023-07-31T02:16:19.490821"", ""status"": ""LABELLING_FINISHED"", ""weight"": 32}}"
"120071","2023-07-31 02:16:17.505591","18.639666","LABELLING_FINISHED","{""0"": {""dt"": ""2023-07-31T02:16:33.054253"", ""status"": ""LABELLING_FINISHED"", ""weight"": 32}, ""1"": {""dt"": ""2023-07-31T02:16:35.780091"", ""status"": ""LABELLING_FINISHED"", ""weight"": 32}, ""2"": {""dt"": ""2023-07-31T02:16:30.626020"", ""status"": ""LABELLING_FINISHED"", ""weight"": 32}, ""3"": {""dt"": ""2023-07-31T02:16:29.639929"", ""status"": ""LABELLING_FINISHED"", ""weight"": 32}, ""4"": {""dt"": ""2023-07-31T02:16:29.649914"", ""status"": ""LABELLING_FINISHED"", ""weight"": 32}, ""5"": {""dt"": ""2023-07-31T02:16:31.637812"", ""status"": ""LABELLING_FINISHED"", ""weight"": 32}, ""6"": {""dt"": ""2023-07-31T02:16:35.372696"", ""status"": ""LABELLING_FINISHED"", ""weight"": 32}, ""7"": {""dt"": ""2023-07-31T02:16:35.084013"", ""status"": ""LABELLING_FINISHED"", ""weight"": 32}, ""8"": {""dt"": ""2023-07-31T02:16:31.386892"", ""status"": ""LABELLING_FINISHED"", ""weight"": 32}, ""9"": {""dt"": ""2023-07-31T02:16:32.679737"", ""status"": ""LABELLING_FINISHED"", ""weight"": 32}, ""10"": {""dt"": ""2023-07-31T02:16:35.564704"", ""status"": ""LABELLING_FINISHED"", ""weight"": 32}, ""11"": {""dt"": ""2023-07-31T02:16:32.725929"", ""status"": ""LABELLING_FINISHED"", ""weight"": 32}, ""12"": {""dt"": ""2023-07-31T02:16:28.359981"", ""status"": ""LABELLING_FINISHED"", ""weight"": 32}}"
"120072","2023-07-31 02:16:27.502237","29.247432","LABELLING_FINISHED","{""0"": {""dt"": ""2023-07-31T02:16:42.856862"", ""status"": ""LABELLING_FINISHED"", ""weight"": 32}, ""1"": {""dt"": ""2023-07-31T02:16:46.359521"", ""status"": ""LABELLING_FINISHED"", ""weight"": 32}, ""2"": {""dt"": ""2023-07-31T02:16:43.754675"", ""status"": ""LABELLING_FINISHED"", ""weight"": 32}, ""3"": {""dt"": ""2023-07-31T02:16:37.075629"", ""status"": ""LABELLING_FINISHED"", ""weight"": 32}, ""4"": {""dt"": ""2023-07-31T02:16:46.483687"", ""status"": ""LABELLING_FINISHED"", ""weight"": 32}, ""5"": {""dt"": ""2023-07-31T02:16:42.496289"", ""status"": ""LABELLING_FINISHED"", ""weight"": 32}, ""6"": {""dt"": ""2023-07-31T02:16:43.913523"", ""status"": ""LABELLING_FINISHED"", ""weight"": 32}, ""7"": {""dt"": ""2023-07-31T02:16:56.551774"", ""status"": ""LABELLING_FINISHED"", ""weight"": 32}, ""8"": {""dt"": ""2023-07-31T02:16:42.240040"", ""status"": ""LABELLING_FINISHED"", ""weight"": 32}, ""9"": {""dt"": ""2023-07-31T02:16:46.311908"", ""status"": ""LABELLING_FINISHED"", ""weight"": 32}, ""10"": {""dt"": ""2023-07-31T02:16:53.079412"", ""status"": ""LABELLING_FINISHED"", ""weight"": 32}, ""11"": {""dt"": ""2023-07-31T02:16:40.616771"", ""status"": ""LABELLING_FINISHED"", ""weight"": 32}, ""12"": {""dt"": ""2023-07-31T02:16:41.327258"", ""status"": ""LABELLING_FINISHED"", ""weight"": 32}}"
"120073","2023-07-31 02:16:37.513629","26.292531","LABELLING_FINISHED","{""0"": {""dt"": ""2023-07-31T02:17:02.510544"", ""status"": ""LABELLING_FINISHED"", ""weight"": 32}, ""1"": {""dt"": ""2023-07-31T02:16:56.647316"", ""status"": ""LABELLING_FINISHED"", ""weight"": 32}, ""2"": {""dt"": ""2023-07-31T02:16:50.197961"", ""status"": ""LABELLING_FINISHED"", ""weight"": 32}, ""3"": {""dt"": ""2023-07-31T02:16:49.371560"", ""status"": ""LABELLING_FINISHED"", ""weight"": 32}, ""4"": {""dt"": ""2023-07-31T02:16:52.430999"", ""status"": ""LABELLING_FINISHED"", ""weight"": 32}, ""5"": {""dt"": ""2023-07-31T02:16:53.612182"", ""status"": ""LABELLING_FINISHED"", ""weight"": 32}, ""6"": {""dt"": ""2023-07-31T02:16:58.319573"", ""status"": ""LABELLING_FINISHED"", ""weight"": 32}, ""7"": {""dt"": ""2023-07-31T02:16:56.046904"", ""status"": ""LABELLING_FINISHED"", ""weight"": 32}, ""8"": {""dt"": ""2023-07-31T02:16:55.555172"", ""status"": ""LABELLING_FINISHED"", ""weight"": 32}, ""9"": {""dt"": ""2023-07-31T02:16:55.949825"", ""status"": ""LABELLING_FINISHED"", ""weight"": 32}, ""10"": {""dt"": ""2023-07-31T02:17:02.406979"", ""status"": ""LABELLING_FINISHED"", ""weight"": 32}, ""11"": {""dt"": ""2023-07-31T02:16:53.809851"", ""status"": ""LABELLING_FINISHED"", ""weight"": 32}, ""12"": {""dt"": ""2023-07-31T02:17:00.202903"", ""status"": ""LABELLING_FINISHED"", ""weight"": 32}}"
"120074","2023-07-31 02:16:47.510434","54.73483","LABELLING_FINISHED","{""0"": {""dt"": ""2023-07-31T02:17:36.140093"", ""status"": ""LABELLING_FINISHED"", ""weight"": 32}, ""1"": {""dt"": ""2023-07-31T02:17:41.897206"", ""status"": ""LABELLING_FINISHED"", ""weight"": 32}, ""2"": {""dt"": ""2023-07-31T02:17:04.325086"", ""status"": ""LABELLING_FINISHED"", ""weight"": 32}, ""3"": {""dt"": ""2023-07-31T02:17:02.964871"", ""status"": ""LABELLING_FINISHED"", ""weight"": 32}, ""4"": {""dt"": ""2023-07-31T02:17:04.879568"", ""status"": ""LABELLING_FINISHED"", ""weight"": 32}, ""5"": {""dt"": ""2023-07-31T02:17:02.860490"", ""status"": ""LABELLING_FINISHED"", ""weight"": 32}, ""6"": {""dt"": ""2023-07-31T02:17:08.333071"", ""status"": ""LABELLING_FINISHED"", ""weight"": 32}, ""7"": {""dt"": ""2023-07-31T02:17:07.244046"", ""status"": ""LABELLING_FINISHED"", ""weight"": 32}, ""8"": {""dt"": ""2023-07-31T02:17:08.985993"", ""status"": ""LABELLING_FINISHED"", ""weight"": 32}, ""9"": {""dt"": ""2023-07-31T02:17:14.976968"", ""status"": ""LABELLING_FINISHED"", ""weight"": 32}, ""10"": {""dt"": ""2023-07-31T02:17:06.890950"", ""status"": ""LABELLING_FINISHED"", ""weight"": 32}, ""11"": {""dt"": ""2023-07-31T02:17:07.475473"", ""status"": ""LABELLING_FINISHED"", ""weight"": 32}, ""12"": {""dt"": ""2023-07-31T02:17:07.259186"", ""status"": ""LABELLING_FINISHED"", ""weight"": 32}}"
"120075","2023-07-31 02:16:57.522536","44.702706","LABELLING_FINISHED","{""0"": {""dt"": ""2023-07-31T02:17:24.435233"", ""status"": ""LABELLING_FINISHED"", ""weight"": 32}, ""1"": {""dt"": ""2023-07-31T02:17:41.291008"", ""status"": ""LABELLING_FINISHED"", ""weight"": 32}, ""2"": {""dt"": ""2023-07-31T02:17:15.089278"", ""status"": ""LABELLING_FINISHED"", ""weight"": 32}, ""3"": {""dt"": ""2023-07-31T02:17:31.908430"", ""status"": ""LABELLING_FINISHED"", ""weight"": 32}, ""4"": {""dt"": ""2023-07-31T02:17:27.781580"", ""status"": ""LABELLING_FINISHED"", ""weight"": 32}, ""5"": {""dt"": ""2023-07-31T02:17:14.997842"", ""status"": ""LABELLING_FINISHED"", ""weight"": 32}, ""6"": {""dt"": ""2023-07-31T02:17:41.896378"", ""status"": ""LABELLING_FINISHED"", ""weight"": 32}, ""7"": {""dt"": ""2023-07-31T02:17:12.670471"", ""status"": ""LABELLING_FINISHED"", ""weight"": 32}, ""8"": {""dt"": ""2023-07-31T02:17:32.326455"", ""status"": ""LABELLING_FINISHED"", ""weight"": 32}, ""9"": {""dt"": ""2023-07-31T02:17:12.504116"", ""status"": ""LABELLING_FINISHED"", ""weight"": 32}, ""10"": {""dt"": ""2023-07-31T02:17:33.323672"", ""status"": ""LABELLING_FINISHED"", ""weight"": 32}, ""11"": {""dt"": ""2023-07-31T02:17:15.091156"", ""status"": ""LABELLING_FINISHED"", ""weight"": 32}, ""12"": {""dt"": ""2023-07-31T02:17:14.825063"", ""status"": ""LABELLING_FINISHED"", ""weight"": 32}}"
"120076","2023-07-31 02:17:07.506837","18.965419","LABELLING_FINISHED","{""0"": {""dt"": ""2023-07-31T02:17:18.986361"", ""status"": ""LABELLING_FINISHED"", ""weight"": 32}, ""1"": {""dt"": ""2023-07-31T02:17:26.172852"", ""status"": ""LABELLING_FINISHED"", ""weight"": 32}, ""2"": {""dt"": ""2023-07-31T02:17:20.981879"", ""status"": ""LABELLING_FINISHED"", ""weight"": 32}, ""3"": {""dt"": ""2023-07-31T02:17:19.114360"", ""status"": ""LABELLING_FINISHED"", ""weight"": 32}, ""4"": {""dt"": ""2023-07-31T02:17:18.975519"", ""status"": ""LABELLING_FINISHED"", ""weight"": 32}, ""5"": {""dt"": ""2023-07-31T02:17:22.490374"", ""status"": ""LABELLING_FINISHED"", ""weight"": 32}, ""6"": {""dt"": ""2023-07-31T02:17:25.406327"", ""status"": ""LABELLING_FINISHED"", ""weight"": 32}, ""7"": {""dt"": ""2023-07-31T02:17:22.335736"", ""status"": ""LABELLING_FINISHED"", ""weight"": 32}, ""8"": {""dt"": ""2023-07-31T02:17:20.680064"", ""status"": ""LABELLING_FINISHED"", ""weight"": 32}, ""9"": {""dt"": ""2023-07-31T02:17:19.981980"", ""status"": ""LABELLING_FINISHED"", ""weight"": 32}, ""10"": {""dt"": ""2023-07-31T02:17:23.363912"", ""status"": ""LABELLING_FINISHED"", ""weight"": 32}, ""11"": {""dt"": ""2023-07-31T02:17:23.607306"", ""status"": ""LABELLING_FINISHED"", ""weight"": 32}, ""12"": {""dt"": ""2023-07-31T02:17:19.646339"", ""status"": ""LABELLING_FINISHED"", ""weight"": 32}}"
"120077","2023-07-31 02:17:17.504573","29.721793","LABELLING_FINISHED","{""0"": {""dt"": ""2023-07-31T02:17:33.421726"", ""status"": ""LABELLING_FINISHED"", ""weight"": 32}, ""1"": {""dt"": ""2023-07-31T02:17:33.954991"", ""status"": ""LABELLING_FINISHED"", ""weight"": 32}, ""2"": {""dt"": ""2023-07-31T02:17:34.339815"", ""status"": ""LABELLING_FINISHED"", ""weight"": 32}, ""3"": {""dt"": ""2023-07-31T02:17:38.388459"", ""status"": ""LABELLING_FINISHED"", ""weight"": 32}, ""4"": {""dt"": ""2023-07-31T02:17:31.629344"", ""status"": ""LABELLING_FINISHED"", ""weight"": 32}, ""5"": {""dt"": ""2023-07-31T02:17:42.668992"", ""status"": ""LABELLING_FINISHED"", ""weight"": 32}, ""6"": {""dt"": ""2023-07-31T02:17:37.191818"", ""status"": ""LABELLING_FINISHED"", ""weight"": 32}, ""7"": {""dt"": ""2023-07-31T02:17:46.955718"", ""status"": ""LABELLING_FINISHED"", ""weight"": 32}, ""8"": {""dt"": ""2023-07-31T02:17:38.443556"", ""status"": ""LABELLING_FINISHED"", ""weight"": 32}, ""9"": {""dt"": ""2023-07-31T02:17:33.086277"", ""status"": ""LABELLING_FINISHED"", ""weight"": 32}, ""10"": {""dt"": ""2023-07-31T02:17:29.545162"", ""status"": ""LABELLING_FINISHED"", ""weight"": 32}, ""11"": {""dt"": ""2023-07-31T02:17:31.678771"", ""status"": ""LABELLING_FINISHED"", ""weight"": 32}, ""12"": {""dt"": ""2023-07-31T02:17:27.595539"", ""status"": ""LABELLING_FINISHED"", ""weight"": 32}}"
"120078","2023-07-31 02:17:27.513035","31.746378","LABELLING_FINISHED","{""0"": {""dt"": ""2023-07-31T02:17:43.709244"", ""status"": ""LABELLING_FINISHED"", ""weight"": 32}, ""1"": {""dt"": ""2023-07-31T02:17:47.334639"", ""status"": ""LABELLING_FINISHED"", ""weight"": 32}, ""2"": {""dt"": ""2023-07-31T02:17:57.177361"", ""status"": ""LABELLING_FINISHED"", ""weight"": 32}, ""3"": {""dt"": ""2023-07-31T02:17:48.700877"", ""status"": ""LABELLING_FINISHED"", ""weight"": 32}, ""4"": {""dt"": ""2023-07-31T02:17:45.090536"", ""status"": ""LABELLING_FINISHED"", ""weight"": 32}, ""5"": {""dt"": ""2023-07-31T02:17:41.968668"", ""status"": ""LABELLING_FINISHED"", ""weight"": 32}, ""6"": {""dt"": ""2023-07-31T02:17:59.093133"", ""status"": ""LABELLING_FINISHED"", ""weight"": 32}, ""7"": {""dt"": ""2023-07-31T02:17:56.554445"", ""status"": ""LABELLING_FINISHED"", ""weight"": 32}, ""8"": {""dt"": ""2023-07-31T02:17:41.802568"", ""status"": ""LABELLING_FINISHED"", ""weight"": 32}, ""9"": {""dt"": ""2023-07-31T02:17:39.215996"", ""status"": ""LABELLING_FINISHED"", ""weight"": 32}, ""10"": {""dt"": ""2023-07-31T02:17:43.478911"", ""status"": ""LABELLING_FINISHED"", ""weight"": 32}, ""11"": {""dt"": ""2023-07-31T02:17:43.930966"", ""status"": ""LABELLING_FINISHED"", ""weight"": 32}, ""12"": {""dt"": ""2023-07-31T02:17:37.682124"", ""status"": ""LABELLING_FINISHED"", ""weight"": 32}}"
"120079","2023-07-31 02:17:37.501073","29.998652","LABELLING_FINISHED","{""0"": {""dt"": ""2023-07-31T02:18:05.154610"", ""status"": ""LABELLING_FINISHED"", ""weight"": 32}, ""1"": {""dt"": ""2023-07-31T02:18:07.194647"", ""status"": ""LABELLING_FINISHED"", ""weight"": 32}, ""2"": {""dt"": ""2023-07-31T02:18:05.904893"", ""status"": ""LABELLING_FINISHED"", ""weight"": 32}, ""3"": {""dt"": ""2023-07-31T02:17:47.392401"", ""status"": ""LABELLING_FINISHED"", ""weight"": 32}, ""4"": {""dt"": ""2023-07-31T02:18:01.069534"", ""status"": ""LABELLING_FINISHED"", ""weight"": 32}, ""5"": {""dt"": ""2023-07-31T02:17:56.867860"", ""status"": ""LABELLING_FINISHED"", ""weight"": 32}, ""6"": {""dt"": ""2023-07-31T02:17:59.599336"", ""status"": ""LABELLING_FINISHED"", ""weight"": 32}, ""7"": {""dt"": ""2023-07-31T02:17:58.837483"", ""status"": ""LABELLING_FINISHED"", ""weight"": 32}, ""8"": {""dt"": ""2023-07-31T02:17:51.484526"", ""status"": ""LABELLING_FINISHED"", ""weight"": 32}, ""9"": {""dt"": ""2023-07-31T02:18:04.081084"", ""status"": ""LABELLING_FINISHED"", ""weight"": 32}, ""10"": {""dt"": ""2023-07-31T02:17:56.651521"", ""status"": ""LABELLING_FINISHED"", ""weight"": 32}, ""11"": {""dt"": ""2023-07-31T02:18:03.111281"", ""status"": ""LABELLING_FINISHED"", ""weight"": 32}, ""12"": {""dt"": ""2023-07-31T02:17:48.573582"", ""status"": ""LABELLING_FINISHED"", ""weight"": 32}}"
"120080","2023-07-31 02:17:47.505796","26.093867","LABELLING_FINISHED","{""0"": {""dt"": ""2023-07-31T02:18:05.203791"", ""status"": ""LABELLING_FINISHED"", ""weight"": 32}, ""1"": {""dt"": ""2023-07-31T02:18:03.573397"", ""status"": ""LABELLING_FINISHED"", ""weight"": 32}, ""2"": {""dt"": ""2023-07-31T02:18:10.568175"", ""status"": ""LABELLING_FINISHED"", ""weight"": 32}, ""3"": {""dt"": ""2023-07-31T02:18:03.564156"", ""status"": ""LABELLING_FINISHED"", ""weight"": 32}, ""4"": {""dt"": ""2023-07-31T02:18:05.054070"", ""status"": ""LABELLING_FINISHED"", ""weight"": 32}, ""5"": {""dt"": ""2023-07-31T02:18:08.141157"", ""status"": ""LABELLING_FINISHED"", ""weight"": 32}, ""6"": {""dt"": ""2023-07-31T02:18:13.364221"", ""status"": ""LABELLING_FINISHED"", ""weight"": 32}, ""7"": {""dt"": ""2023-07-31T02:18:07.119134"", ""status"": ""LABELLING_FINISHED"", ""weight"": 32}, ""8"": {""dt"": ""2023-07-31T02:17:58.537330"", ""status"": ""LABELLING_FINISHED"", ""weight"": 32}, ""9"": {""dt"": ""2023-07-31T02:17:58.649741"", ""status"": ""LABELLING_FINISHED"", ""weight"": 32}, ""10"": {""dt"": ""2023-07-31T02:18:04.888869"", ""status"": ""LABELLING_FINISHED"", ""weight"": 32}, ""11"": {""dt"": ""2023-07-31T02:18:09.506768"", ""status"": ""LABELLING_FINISHED"", ""weight"": 32}, ""12"": {""dt"": ""2023-07-31T02:18:03.823867"", ""status"": ""LABELLING_FINISHED"", ""weight"": 32}}"
"120081","2023-07-31 02:17:57.565441","26.693748","LABELLING_FINISHED","{""0"": {""dt"": ""2023-07-31T02:18:12.618015"", ""status"": ""LABELLING_FINISHED"", ""weight"": 32}, ""1"": {""dt"": ""2023-07-31T02:18:15.426154"", ""status"": ""LABELLING_FINISHED"", ""weight"": 32}, ""2"": {""dt"": ""2023-07-31T02:18:23.700285"", ""status"": ""LABELLING_FINISHED"", ""weight"": 32}, ""3"": {""dt"": ""2023-07-31T02:18:10.353470"", ""status"": ""LABELLING_FINISHED"", ""weight"": 32}, ""4"": {""dt"": ""2023-07-31T02:18:17.272053"", ""status"": ""LABELLING_FINISHED"", ""weight"": 32}, ""5"": {""dt"": ""2023-07-31T02:18:19.542624"", ""status"": ""LABELLING_FINISHED"", ""weight"": 32}, ""6"": {""dt"": ""2023-07-31T02:18:19.056347"", ""status"": ""LABELLING_FINISHED"", ""weight"": 32}, ""7"": {""dt"": ""2023-07-31T02:18:24.096483"", ""status"": ""LABELLING_FINISHED"", ""weight"": 32}, ""8"": {""dt"": ""2023-07-31T02:18:07.721066"", ""status"": ""LABELLING_FINISHED"", ""weight"": 32}, ""9"": {""dt"": ""2023-07-31T02:18:11.525678"", ""status"": ""LABELLING_FINISHED"", ""weight"": 32}, ""10"": {""dt"": ""2023-07-31T02:18:11.252769"", ""status"": ""LABELLING_FINISHED"", ""weight"": 32}, ""11"": {""dt"": ""2023-07-31T02:18:18.924469"", ""status"": ""LABELLING_FINISHED"", ""weight"": 32}, ""12"": {""dt"": ""2023-07-31T02:18:07.994477"", ""status"": ""LABELLING_FINISHED"", ""weight"": 32}}"
"120082","2023-07-31 02:18:07.508813","21.693837","LABELLING_FINISHED","{""0"": {""dt"": ""2023-07-31T02:18:22.039744"", ""status"": ""LABELLING_FINISHED"", ""weight"": 32}, ""1"": {""dt"": ""2023-07-31T02:18:28.015455"", ""status"": ""LABELLING_FINISHED"", ""weight"": 32}, ""2"": {""dt"": ""2023-07-31T02:18:25.458590"", ""status"": ""LABELLING_FINISHED"", ""weight"": 32}, ""3"": {""dt"": ""2023-07-31T02:18:17.832194"", ""status"": ""LABELLING_FINISHED"", ""weight"": 32}, ""4"": {""dt"": ""2023-07-31T02:18:22.628089"", ""status"": ""LABELLING_FINISHED"", ""weight"": 32}, ""5"": {""dt"": ""2023-07-31T02:18:26.042212"", ""status"": ""LABELLING_FINISHED"", ""weight"": 32}, ""6"": {""dt"": ""2023-07-31T02:18:27.743580"", ""status"": ""LABELLING_FINISHED"", ""weight"": 32}, ""7"": {""dt"": ""2023-07-31T02:18:29.009358"", ""status"": ""LABELLING_FINISHED"", ""weight"": 32}, ""8"": {""dt"": ""2023-07-31T02:18:17.703982"", ""status"": ""LABELLING_FINISHED"", ""weight"": 32}, ""9"": {""dt"": ""2023-07-31T02:18:20.960068"", ""status"": ""LABELLING_FINISHED"", ""weight"": 32}, ""10"": {""dt"": ""2023-07-31T02:18:26.697636"", ""status"": ""LABELLING_FINISHED"", ""weight"": 32}, ""11"": {""dt"": ""2023-07-31T02:18:24.230703"", ""status"": ""LABELLING_FINISHED"", ""weight"": 32}, ""12"": {""dt"": ""2023-07-31T02:18:20.907743"", ""status"": ""LABELLING_FINISHED"", ""weight"": 32}}"
"120083","2023-07-31 02:18:17.513614","33.242303","LABELLING_FINISHED","{""0"": {""dt"": ""2023-07-31T02:18:33.394904"", ""status"": ""LABELLING_FINISHED"", ""weight"": 32}, ""1"": {""dt"": ""2023-07-31T02:18:35.084438"", ""status"": ""LABELLING_FINISHED"", ""weight"": 32}, ""2"": {""dt"": ""2023-07-31T02:18:33.297178"", ""status"": ""LABELLING_FINISHED"", ""weight"": 32}, ""3"": {""dt"": ""2023-07-31T02:18:30.195934"", ""status"": ""LABELLING_FINISHED"", ""weight"": 32}, ""4"": {""dt"": ""2023-07-31T02:18:44.645368"", ""status"": ""LABELLING_FINISHED"", ""weight"": 32}, ""5"": {""dt"": ""2023-07-31T02:18:47.133950"", ""status"": ""LABELLING_FINISHED"", ""weight"": 32}, ""6"": {""dt"": ""2023-07-31T02:18:50.306275"", ""status"": ""LABELLING_FINISHED"", ""weight"": 32}, ""7"": {""dt"": ""2023-07-31T02:18:50.541547"", ""status"": ""LABELLING_FINISHED"", ""weight"": 32}, ""8"": {""dt"": ""2023-07-31T02:18:43.486309"", ""status"": ""LABELLING_FINISHED"", ""weight"": 32}, ""9"": {""dt"": ""2023-07-31T02:18:48.771165"", ""status"": ""LABELLING_FINISHED"", ""weight"": 32}, ""10"": {""dt"": ""2023-07-31T02:18:46.479348"", ""status"": ""LABELLING_FINISHED"", ""weight"": 32}, ""11"": {""dt"": ""2023-07-31T02:18:46.492747"", ""status"": ""LABELLING_FINISHED"", ""weight"": 32}, ""12"": {""dt"": ""2023-07-31T02:18:28.968171"", ""status"": ""LABELLING_FINISHED"", ""weight"": 32}}"
"120084","2023-07-31 02:18:27.506762","23.675288","LABELLING_FINISHED","{""0"": {""dt"": ""2023-07-31T02:18:41.662891"", ""status"": ""LABELLING_FINISHED"", ""weight"": 32}, ""1"": {""dt"": ""2023-07-31T02:18:48.693190"", ""status"": ""LABELLING_FINISHED"", ""weight"": 32}, ""2"": {""dt"": ""2023-07-31T02:18:42.127584"", ""status"": ""LABELLING_FINISHED"", ""weight"": 32}, ""3"": {""dt"": ""2023-07-31T02:18:37.982273"", ""status"": ""LABELLING_FINISHED"", ""weight"": 32}, ""4"": {""dt"": ""2023-07-31T02:18:39.881946"", ""status"": ""LABELLING_FINISHED"", ""weight"": 32}, ""5"": {""dt"": ""2023-07-31T02:18:50.885043"", ""status"": ""LABELLING_FINISHED"", ""weight"": 32}, ""6"": {""dt"": ""2023-07-31T02:18:50.500882"", ""status"": ""LABELLING_FINISHED"", ""weight"": 32}, ""7"": {""dt"": ""2023-07-31T02:18:49.855308"", ""status"": ""LABELLING_FINISHED"", ""weight"": 32}, ""8"": {""dt"": ""2023-07-31T02:18:38.601383"", ""status"": ""LABELLING_FINISHED"", ""weight"": 32}, ""9"": {""dt"": ""2023-07-31T02:18:38.895511"", ""status"": ""LABELLING_FINISHED"", ""weight"": 32}, ""10"": {""dt"": ""2023-07-31T02:18:40.836399"", ""status"": ""LABELLING_FINISHED"", ""weight"": 32}, ""11"": {""dt"": ""2023-07-31T02:18:40.591746"", ""status"": ""LABELLING_FINISHED"", ""weight"": 32}, ""12"": {""dt"": ""2023-07-31T02:18:38.660906"", ""status"": ""LABELLING_FINISHED"", ""weight"": 32}}"
"120085","2023-07-31 02:18:37.512639","19.571248","LABELLING_FINISHED","{""0"": {""dt"": ""2023-07-31T02:18:54.344201"", ""status"": ""LABELLING_FINISHED"", ""weight"": 32}, ""1"": {""dt"": ""2023-07-31T02:18:53.229226"", ""status"": ""LABELLING_FINISHED"", ""weight"": 32}, ""2"": {""dt"": ""2023-07-31T02:18:52.161798"", ""status"": ""LABELLING_FINISHED"", ""weight"": 32}, ""3"": {""dt"": ""2023-07-31T02:18:51.539597"", ""status"": ""LABELLING_FINISHED"", ""weight"": 32}, ""4"": {""dt"": ""2023-07-31T02:18:55.353997"", ""status"": ""LABELLING_FINISHED"", ""weight"": 32}, ""5"": {""dt"": ""2023-07-31T02:18:55.721792"", ""status"": ""LABELLING_FINISHED"", ""weight"": 32}, ""6"": {""dt"": ""2023-07-31T02:18:56.804831"", ""status"": ""LABELLING_FINISHED"", ""weight"": 32}, ""7"": {""dt"": ""2023-07-31T02:18:55.614567"", ""status"": ""LABELLING_FINISHED"", ""weight"": 32}, ""8"": {""dt"": ""2023-07-31T02:18:49.953758"", ""status"": ""LABELLING_FINISHED"", ""weight"": 32}, ""9"": {""dt"": ""2023-07-31T02:18:54.406178"", ""status"": ""LABELLING_FINISHED"", ""weight"": 32}, ""10"": {""dt"": ""2023-07-31T02:18:54.213035"", ""status"": ""LABELLING_FINISHED"", ""weight"": 32}, ""11"": {""dt"": ""2023-07-31T02:18:52.133886"", ""status"": ""LABELLING_FINISHED"", ""weight"": 32}, ""12"": {""dt"": ""2023-07-31T02:18:50.230180"", ""status"": ""LABELLING_FINISHED"", ""weight"": 32}}"
"120086","2023-07-31 02:18:47.509019","27.375835","LABELLING_FINISHED","{""0"": {""dt"": ""2023-07-31T02:19:11.071048"", ""status"": ""LABELLING_FINISHED"", ""weight"": 32}, ""1"": {""dt"": ""2023-07-31T02:19:05.075517"", ""status"": ""LABELLING_FINISHED"", ""weight"": 32}, ""2"": {""dt"": ""2023-07-31T02:19:01.040504"", ""status"": ""LABELLING_FINISHED"", ""weight"": 32}, ""3"": {""dt"": ""2023-07-31T02:18:57.573270"", ""status"": ""LABELLING_FINISHED"", ""weight"": 32}, ""4"": {""dt"": ""2023-07-31T02:18:58.961195"", ""status"": ""LABELLING_FINISHED"", ""weight"": 32}, ""5"": {""dt"": ""2023-07-31T02:19:05.460563"", ""status"": ""LABELLING_FINISHED"", ""weight"": 32}, ""6"": {""dt"": ""2023-07-31T02:19:14.382653"", ""status"": ""LABELLING_FINISHED"", ""weight"": 32}, ""7"": {""dt"": ""2023-07-31T02:19:04.434315"", ""status"": ""LABELLING_FINISHED"", ""weight"": 32}, ""8"": {""dt"": ""2023-07-31T02:18:57.411776"", ""status"": ""LABELLING_FINISHED"", ""weight"": 32}, ""9"": {""dt"": ""2023-07-31T02:18:58.467321"", ""status"": ""LABELLING_FINISHED"", ""weight"": 32}, ""10"": {""dt"": ""2023-07-31T02:19:04.155828"", ""status"": ""LABELLING_FINISHED"", ""weight"": 32}, ""11"": {""dt"": ""2023-07-31T02:19:11.452475"", ""status"": ""LABELLING_FINISHED"", ""weight"": 32}, ""12"": {""dt"": ""2023-07-31T02:18:57.512832"", ""status"": ""LABELLING_FINISHED"", ""weight"": 32}}"
"120087","2023-07-31 02:18:57.512883","25.752709","LABELLING_FINISHED","{""0"": {""dt"": ""2023-07-31T02:19:12.912229"", ""status"": ""LABELLING_FINISHED"", ""weight"": 32}, ""1"": {""dt"": ""2023-07-31T02:19:20.585913"", ""status"": ""LABELLING_FINISHED"", ""weight"": 32}, ""2"": {""dt"": ""2023-07-31T02:19:14.463898"", ""status"": ""LABELLING_FINISHED"", ""weight"": 32}, ""3"": {""dt"": ""2023-07-31T02:19:11.263115"", ""status"": ""LABELLING_FINISHED"", ""weight"": 32}, ""4"": {""dt"": ""2023-07-31T02:19:13.918167"", ""status"": ""LABELLING_FINISHED"", ""weight"": 32}, ""5"": {""dt"": ""2023-07-31T02:19:14.127597"", ""status"": ""LABELLING_FINISHED"", ""weight"": 32}, ""6"": {""dt"": ""2023-07-31T02:19:23.007273"", ""status"": ""LABELLING_FINISHED"", ""weight"": 32}, ""7"": {""dt"": ""2023-07-31T02:19:15.072416"", ""status"": ""LABELLING_FINISHED"", ""weight"": 32}, ""8"": {""dt"": ""2023-07-31T02:19:07.186381"", ""status"": ""LABELLING_FINISHED"", ""weight"": 32}, ""9"": {""dt"": ""2023-07-31T02:19:14.074378"", ""status"": ""LABELLING_FINISHED"", ""weight"": 32}, ""10"": {""dt"": ""2023-07-31T02:19:14.679026"", ""status"": ""LABELLING_FINISHED"", ""weight"": 32}, ""11"": {""dt"": ""2023-07-31T02:19:12.373174"", ""status"": ""LABELLING_FINISHED"", ""weight"": 32}, ""12"": {""dt"": ""2023-07-31T02:19:12.394113"", ""status"": ""LABELLING_FINISHED"", ""weight"": 32}}"
"120088","2023-07-31 02:19:07.505447","20.839295","LABELLING_FINISHED","{""0"": {""dt"": ""2023-07-31T02:19:22.826466"", ""status"": ""LABELLING_FINISHED"", ""weight"": 32}, ""1"": {""dt"": ""2023-07-31T02:19:23.583236"", ""status"": ""LABELLING_FINISHED"", ""weight"": 32}, ""2"": {""dt"": ""2023-07-31T02:19:22.046122"", ""status"": ""LABELLING_FINISHED"", ""weight"": 32}, ""3"": {""dt"": ""2023-07-31T02:19:23.595034"", ""status"": ""LABELLING_FINISHED"", ""weight"": 32}, ""4"": {""dt"": ""2023-07-31T02:19:22.741421"", ""status"": ""LABELLING_FINISHED"", ""weight"": 32}, ""5"": {""dt"": ""2023-07-31T02:19:28.185710"", ""status"": ""LABELLING_FINISHED"", ""weight"": 32}, ""6"": {""dt"": ""2023-07-31T02:19:26.051480"", ""status"": ""LABELLING_FINISHED"", ""weight"": 32}, ""7"": {""dt"": ""2023-07-31T02:19:25.979265"", ""status"": ""LABELLING_FINISHED"", ""weight"": 32}, ""8"": {""dt"": ""2023-07-31T02:19:17.146020"", ""status"": ""LABELLING_FINISHED"", ""weight"": 32}, ""9"": {""dt"": ""2023-07-31T02:19:22.994078"", ""status"": ""LABELLING_FINISHED"", ""weight"": 32}, ""10"": {""dt"": ""2023-07-31T02:19:25.983614"", ""status"": ""LABELLING_FINISHED"", ""weight"": 32}, ""11"": {""dt"": ""2023-07-31T02:19:23.061757"", ""status"": ""LABELLING_FINISHED"", ""weight"": 32}, ""12"": {""dt"": ""2023-07-31T02:19:23.271537"", ""status"": ""LABELLING_FINISHED"", ""weight"": 32}}"
"120089","2023-07-31 02:19:17.503998","22.611197","LABELLING_FINISHED","{""0"": {""dt"": ""2023-07-31T02:19:33.195447"", ""status"": ""LABELLING_FINISHED"", ""weight"": 32}, ""1"": {""dt"": ""2023-07-31T02:19:36.248414"", ""status"": ""LABELLING_FINISHED"", ""weight"": 32}, ""2"": {""dt"": ""2023-07-31T02:19:34.469349"", ""status"": ""LABELLING_FINISHED"", ""weight"": 32}, ""3"": {""dt"": ""2023-07-31T02:19:28.853965"", ""status"": ""LABELLING_FINISHED"", ""weight"": 32}, ""4"": {""dt"": ""2023-07-31T02:19:33.418065"", ""status"": ""LABELLING_FINISHED"", ""weight"": 32}, ""5"": {""dt"": ""2023-07-31T02:19:34.373584"", ""status"": ""LABELLING_FINISHED"", ""weight"": 32}, ""6"": {""dt"": ""2023-07-31T02:19:38.556496"", ""status"": ""LABELLING_FINISHED"", ""weight"": 32}, ""7"": {""dt"": ""2023-07-31T02:19:36.228703"", ""status"": ""LABELLING_FINISHED"", ""weight"": 32}, ""8"": {""dt"": ""2023-07-31T02:19:32.847613"", ""status"": ""LABELLING_FINISHED"", ""weight"": 32}, ""9"": {""dt"": ""2023-07-31T02:19:33.435233"", ""status"": ""LABELLING_FINISHED"", ""weight"": 32}, ""10"": {""dt"": ""2023-07-31T02:19:39.843098"", ""status"": ""LABELLING_FINISHED"", ""weight"": 32}, ""11"": {""dt"": ""2023-07-31T02:19:30.961177"", ""status"": ""LABELLING_FINISHED"", ""weight"": 32}, ""12"": {""dt"": ""2023-07-31T02:19:31.205349"", ""status"": ""LABELLING_FINISHED"", ""weight"": 32}}"
"120090","2023-07-31 02:19:27.5046","18.543387","LABELLING_FINISHED","{""0"": {""dt"": ""2023-07-31T02:19:40.144190"", ""status"": ""LABELLING_FINISHED"", ""weight"": 32}, ""1"": {""dt"": ""2023-07-31T02:19:43.687474"", ""status"": ""LABELLING_FINISHED"", ""weight"": 32}, ""2"": {""dt"": ""2023-07-31T02:19:41.630428"", ""status"": ""LABELLING_FINISHED"", ""weight"": 32}, ""3"": {""dt"": ""2023-07-31T02:19:37.519783"", ""status"": ""LABELLING_FINISHED"", ""weight"": 32}, ""4"": {""dt"": ""2023-07-31T02:19:40.641593"", ""status"": ""LABELLING_FINISHED"", ""weight"": 32}, ""5"": {""dt"": ""2023-07-31T02:19:45.594214"", ""status"": ""LABELLING_FINISHED"", ""weight"": 32}, ""6"": {""dt"": ""2023-07-31T02:19:45.266724"", ""status"": ""LABELLING_FINISHED"", ""weight"": 32}, ""7"": {""dt"": ""2023-07-31T02:19:45.545140"", ""status"": ""LABELLING_FINISHED"", ""weight"": 32}, ""8"": {""dt"": ""2023-07-31T02:19:38.062642"", ""status"": ""LABELLING_FINISHED"", ""weight"": 32}, ""9"": {""dt"": ""2023-07-31T02:19:42.911099"", ""status"": ""LABELLING_FINISHED"", ""weight"": 32}, ""10"": {""dt"": ""2023-07-31T02:19:44.225647"", ""status"": ""LABELLING_FINISHED"", ""weight"": 32}, ""11"": {""dt"": ""2023-07-31T02:19:45.630480"", ""status"": ""LABELLING_FINISHED"", ""weight"": 32}, ""12"": {""dt"": ""2023-07-31T02:19:40.257472"", ""status"": ""LABELLING_FINISHED"", ""weight"": 32}}"
"120091","2023-07-31 02:19:37.51576","21.230115","LABELLING_FINISHED","{""0"": {""dt"": ""2023-07-31T02:19:55.220301"", ""status"": ""LABELLING_FINISHED"", ""weight"": 32}, ""1"": {""dt"": ""2023-07-31T02:19:56.331596"", ""status"": ""LABELLING_FINISHED"", ""weight"": 32}, ""2"": {""dt"": ""2023-07-31T02:19:50.314204"", ""status"": ""LABELLING_FINISHED"", ""weight"": 32}, ""3"": {""dt"": ""2023-07-31T02:19:47.217216"", ""status"": ""LABELLING_FINISHED"", ""weight"": 32}, ""4"": {""dt"": ""2023-07-31T02:19:48.995006"", ""status"": ""LABELLING_FINISHED"", ""weight"": 32}, ""5"": {""dt"": ""2023-07-31T02:19:55.747490"", ""status"": ""LABELLING_FINISHED"", ""weight"": 32}, ""6"": {""dt"": ""2023-07-31T02:19:58.587957"", ""status"": ""LABELLING_FINISHED"", ""weight"": 32}, ""7"": {""dt"": ""2023-07-31T02:19:53.308389"", ""status"": ""LABELLING_FINISHED"", ""weight"": 32}, ""8"": {""dt"": ""2023-07-31T02:19:53.933420"", ""status"": ""LABELLING_FINISHED"", ""weight"": 32}, ""9"": {""dt"": ""2023-07-31T02:19:53.324226"", ""status"": ""LABELLING_FINISHED"", ""weight"": 32}, ""10"": {""dt"": ""2023-07-31T02:19:55.554899"", ""status"": ""LABELLING_FINISHED"", ""weight"": 32}, ""11"": {""dt"": ""2023-07-31T02:19:53.772031"", ""status"": ""LABELLING_FINISHED"", ""weight"": 32}, ""12"": {""dt"": ""2023-07-31T02:19:48.054387"", ""status"": ""LABELLING_FINISHED"", ""weight"": 32}}"
"120092","2023-07-31 02:19:47.506704","19.496824","LABELLING_FINISHED","{""0"": {""dt"": ""2023-07-31T02:20:02.511379"", ""status"": ""LABELLING_FINISHED"", ""weight"": 32}, ""1"": {""dt"": ""2023-07-31T02:20:01.898268"", ""status"": ""LABELLING_FINISHED"", ""weight"": 32}, ""2"": {""dt"": ""2023-07-31T02:20:04.921483"", ""status"": ""LABELLING_FINISHED"", ""weight"": 32}, ""3"": {""dt"": ""2023-07-31T02:19:58.444787"", ""status"": ""LABELLING_FINISHED"", ""weight"": 32}, ""4"": {""dt"": ""2023-07-31T02:20:05.694470"", ""status"": ""LABELLING_FINISHED"", ""weight"": 32}, ""5"": {""dt"": ""2023-07-31T02:20:04.916773"", ""status"": ""LABELLING_FINISHED"", ""weight"": 32}, ""6"": {""dt"": ""2023-07-31T02:20:04.549038"", ""status"": ""LABELLING_FINISHED"", ""weight"": 32}, ""7"": {""dt"": ""2023-07-31T02:20:06.855879"", ""status"": ""LABELLING_FINISHED"", ""weight"": 32}, ""8"": {""dt"": ""2023-07-31T02:20:04.842784"", ""status"": ""LABELLING_FINISHED"", ""weight"": 32}, ""9"": {""dt"": ""2023-07-31T02:20:06.241478"", ""status"": ""LABELLING_FINISHED"", ""weight"": 32}, ""10"": {""dt"": ""2023-07-31T02:20:05.074837"", ""status"": ""LABELLING_FINISHED"", ""weight"": 32}, ""11"": {""dt"": ""2023-07-31T02:20:01.378446"", ""status"": ""LABELLING_FINISHED"", ""weight"": 32}, ""12"": {""dt"": ""2023-07-31T02:19:58.316063"", ""status"": ""LABELLING_FINISHED"", ""weight"": 32}}"
"120093","2023-07-31 02:19:57.517113","24.509631","LABELLING_FINISHED","{""0"": {""dt"": ""2023-07-31T02:20:16.046628"", ""status"": ""LABELLING_FINISHED"", ""weight"": 32}, ""1"": {""dt"": ""2023-07-31T02:20:17.747442"", ""status"": ""LABELLING_FINISHED"", ""weight"": 32}, ""2"": {""dt"": ""2023-07-31T02:20:14.539819"", ""status"": ""LABELLING_FINISHED"", ""weight"": 32}, ""3"": {""dt"": ""2023-07-31T02:20:07.132440"", ""status"": ""LABELLING_FINISHED"", ""weight"": 32}, ""4"": {""dt"": ""2023-07-31T02:20:12.359704"", ""status"": ""LABELLING_FINISHED"", ""weight"": 32}, ""5"": {""dt"": ""2023-07-31T02:20:14.446422"", ""status"": ""LABELLING_FINISHED"", ""weight"": 32}, ""6"": {""dt"": ""2023-07-31T02:20:21.691367"", ""status"": ""LABELLING_FINISHED"", ""weight"": 32}, ""7"": {""dt"": ""2023-07-31T02:20:12.590159"", ""status"": ""LABELLING_FINISHED"", ""weight"": 32}, ""8"": {""dt"": ""2023-07-31T02:20:14.464317"", ""status"": ""LABELLING_FINISHED"", ""weight"": 32}, ""9"": {""dt"": ""2023-07-31T02:20:08.912592"", ""status"": ""LABELLING_FINISHED"", ""weight"": 32}, ""10"": {""dt"": ""2023-07-31T02:20:18.698154"", ""status"": ""LABELLING_FINISHED"", ""weight"": 32}, ""11"": {""dt"": ""2023-07-31T02:20:18.408492"", ""status"": ""LABELLING_FINISHED"", ""weight"": 32}, ""12"": {""dt"": ""2023-07-31T02:20:10.358367"", ""status"": ""LABELLING_FINISHED"", ""weight"": 32}}"
"120094","2023-07-31 02:20:07.505091","29.218557","LABELLING_FINISHED","{""0"": {""dt"": ""2023-07-31T02:20:33.366833"", ""status"": ""LABELLING_FINISHED"", ""weight"": 32}, ""1"": {""dt"": ""2023-07-31T02:20:25.212852"", ""status"": ""LABELLING_FINISHED"", ""weight"": 32}, ""2"": {""dt"": ""2023-07-31T02:20:22.114681"", ""status"": ""LABELLING_FINISHED"", ""weight"": 32}, ""3"": {""dt"": ""2023-07-31T02:20:18.774931"", ""status"": ""LABELLING_FINISHED"", ""weight"": 32}, ""4"": {""dt"": ""2023-07-31T02:20:19.627274"", ""status"": ""LABELLING_FINISHED"", ""weight"": 32}, ""5"": {""dt"": ""2023-07-31T02:20:21.775532"", ""status"": ""LABELLING_FINISHED"", ""weight"": 32}, ""6"": {""dt"": ""2023-07-31T02:20:23.458041"", ""status"": ""LABELLING_FINISHED"", ""weight"": 32}, ""7"": {""dt"": ""2023-07-31T02:20:22.956464"", ""status"": ""LABELLING_FINISHED"", ""weight"": 32}, ""8"": {""dt"": ""2023-07-31T02:20:18.282802"", ""status"": ""LABELLING_FINISHED"", ""weight"": 32}, ""9"": {""dt"": ""2023-07-31T02:20:21.970103"", ""status"": ""LABELLING_FINISHED"", ""weight"": 32}, ""10"": {""dt"": ""2023-07-31T02:20:35.567707"", ""status"": ""LABELLING_FINISHED"", ""weight"": 32}, ""11"": {""dt"": ""2023-07-31T02:20:36.527254"", ""status"": ""LABELLING_FINISHED"", ""weight"": 32}, ""12"": {""dt"": ""2023-07-31T02:20:19.574069"", ""status"": ""LABELLING_FINISHED"", ""weight"": 32}}"
"120097","2023-07-31 02:20:17.507358","23.327904","LABELLING_FINISHED","{""0"": {""dt"": ""2023-07-31T02:20:31.236332"", ""status"": ""LABELLING_FINISHED"", ""weight"": 32}, ""1"": {""dt"": ""2023-07-31T02:20:38.877914"", ""status"": ""LABELLING_FINISHED"", ""weight"": 32}, ""2"": {""dt"": ""2023-07-31T02:20:40.685700"", ""status"": ""LABELLING_FINISHED"", ""weight"": 32}, ""3"": {""dt"": ""2023-07-31T02:20:38.402164"", ""status"": ""LABELLING_FINISHED"", ""weight"": 32}, ""4"": {""dt"": ""2023-07-31T02:20:28.885576"", ""status"": ""LABELLING_FINISHED"", ""weight"": 32}, ""5"": {""dt"": ""2023-07-31T02:20:32.261209"", ""status"": ""LABELLING_FINISHED"", ""weight"": 32}, ""6"": {""dt"": ""2023-07-31T02:20:37.606158"", ""status"": ""LABELLING_FINISHED"", ""weight"": 32}, ""7"": {""dt"": ""2023-07-31T02:20:35.196076"", ""status"": ""LABELLING_FINISHED"", ""weight"": 32}, ""8"": {""dt"": ""2023-07-31T02:20:27.165712"", ""status"": ""LABELLING_FINISHED"", ""weight"": 32}, ""9"": {""dt"": ""2023-07-31T02:20:31.272023"", ""status"": ""LABELLING_FINISHED"", ""weight"": 32}, ""10"": {""dt"": ""2023-07-31T02:20:36.394832"", ""status"": ""LABELLING_FINISHED"", ""weight"": 32}, ""11"": {""dt"": ""2023-07-31T02:20:35.366695"", ""status"": ""LABELLING_FINISHED"", ""weight"": 32}, ""12"": {""dt"": ""2023-07-31T02:20:27.333772"", ""status"": ""LABELLING_FINISHED"", ""weight"": 32}}"
"120098","2023-07-31 02:20:27.512479","22.414424","LABELLING_FINISHED","{""0"": {""dt"": ""2023-07-31T02:20:44.373514"", ""status"": ""LABELLING_FINISHED"", ""weight"": 32}, ""1"": {""dt"": ""2023-07-31T02:20:45.791948"", ""status"": ""LABELLING_FINISHED"", ""weight"": 32}, ""2"": {""dt"": ""2023-07-31T02:20:42.113864"", ""status"": ""LABELLING_FINISHED"", ""weight"": 32}, ""3"": {""dt"": ""2023-07-31T02:20:37.754179"", ""status"": ""LABELLING_FINISHED"", ""weight"": 32}, ""4"": {""dt"": ""2023-07-31T02:20:39.160037"", ""status"": ""LABELLING_FINISHED"", ""weight"": 32}, ""5"": {""dt"": ""2023-07-31T02:20:42.427406"", ""status"": ""LABELLING_FINISHED"", ""weight"": 32}, ""6"": {""dt"": ""2023-07-31T02:20:46.888372"", ""status"": ""LABELLING_FINISHED"", ""weight"": 32}, ""7"": {""dt"": ""2023-07-31T02:20:49.643058"", ""status"": ""LABELLING_FINISHED"", ""weight"": 32}, ""8"": {""dt"": ""2023-07-31T02:20:38.624334"", ""status"": ""LABELLING_FINISHED"", ""weight"": 32}, ""9"": {""dt"": ""2023-07-31T02:20:45.220623"", ""status"": ""LABELLING_FINISHED"", ""weight"": 32}, ""10"": {""dt"": ""2023-07-31T02:20:47.025487"", ""status"": ""LABELLING_FINISHED"", ""weight"": 32}, ""11"": {""dt"": ""2023-07-31T02:20:44.897044"", ""status"": ""LABELLING_FINISHED"", ""weight"": 32}, ""12"": {""dt"": ""2023-07-31T02:20:37.772382"", ""status"": ""LABELLING_FINISHED"", ""weight"": 32}}"
"120099","2023-07-31 02:20:37.512165","32.722615","LABELLING_FINISHED","{""0"": {""dt"": ""2023-07-31T02:20:55.314098"", ""status"": ""LABELLING_FINISHED"", ""weight"": 32}, ""1"": {""dt"": ""2023-07-31T02:21:09.888244"", ""status"": ""LABELLING_FINISHED"", ""weight"": 32}, ""2"": {""dt"": ""2023-07-31T02:21:07.448189"", ""status"": ""LABELLING_FINISHED"", ""weight"": 32}, ""3"": {""dt"": ""2023-07-31T02:20:50.890565"", ""status"": ""LABELLING_FINISHED"", ""weight"": 32}, ""4"": {""dt"": ""2023-07-31T02:20:55.215988"", ""status"": ""LABELLING_FINISHED"", ""weight"": 32}, ""5"": {""dt"": ""2023-07-31T02:20:55.164011"", ""status"": ""LABELLING_FINISHED"", ""weight"": 32}, ""6"": {""dt"": ""2023-07-31T02:20:55.448548"", ""status"": ""LABELLING_FINISHED"", ""weight"": 32}, ""7"": {""dt"": ""2023-07-31T02:20:55.370778"", ""status"": ""LABELLING_FINISHED"", ""weight"": 32}, ""8"": {""dt"": ""2023-07-31T02:20:47.373026"", ""status"": ""LABELLING_FINISHED"", ""weight"": 32}, ""9"": {""dt"": ""2023-07-31T02:21:02.673473"", ""status"": ""LABELLING_FINISHED"", ""weight"": 32}, ""10"": {""dt"": ""2023-07-31T02:21:07.221501"", ""status"": ""LABELLING_FINISHED"", ""weight"": 32}, ""11"": {""dt"": ""2023-07-31T02:20:54.950225"", ""status"": ""LABELLING_FINISHED"", ""weight"": 32}, ""12"": {""dt"": ""2023-07-31T02:20:49.501728"", ""status"": ""LABELLING_FINISHED"", ""weight"": 32}}"
"120100","2023-07-31 02:20:47.505515","22.321076","LABELLING_FINISHED","{""0"": {""dt"": ""2023-07-31T02:21:09.504310"", ""status"": ""LABELLING_FINISHED"", ""weight"": 32}, ""1"": {""dt"": ""2023-07-31T02:21:07.400839"", ""status"": ""LABELLING_FINISHED"", ""weight"": 32}, ""2"": {""dt"": ""2023-07-31T02:21:08.246822"", ""status"": ""LABELLING_FINISHED"", ""weight"": 32}, ""3"": {""dt"": ""2023-07-31T02:21:00.936780"", ""status"": ""LABELLING_FINISHED"", ""weight"": 32}, ""4"": {""dt"": ""2023-07-31T02:21:00.650781"", ""status"": ""LABELLING_FINISHED"", ""weight"": 32}, ""5"": {""dt"": ""2023-07-31T02:21:09.470723"", ""status"": ""LABELLING_FINISHED"", ""weight"": 32}, ""6"": {""dt"": ""2023-07-31T02:21:04.172175"", ""status"": ""LABELLING_FINISHED"", ""weight"": 32}, ""7"": {""dt"": ""2023-07-31T02:21:08.269310"", ""status"": ""LABELLING_FINISHED"", ""weight"": 32}, ""8"": {""dt"": ""2023-07-31T02:20:57.227455"", ""status"": ""LABELLING_FINISHED"", ""weight"": 32}, ""9"": {""dt"": ""2023-07-31T02:21:02.322578"", ""status"": ""LABELLING_FINISHED"", ""weight"": 32}, ""10"": {""dt"": ""2023-07-31T02:21:06.432927"", ""status"": ""LABELLING_FINISHED"", ""weight"": 32}, ""11"": {""dt"": ""2023-07-31T02:21:01.054154"", ""status"": ""LABELLING_FINISHED"", ""weight"": 32}, ""12"": {""dt"": ""2023-07-31T02:21:05.252788"", ""status"": ""LABELLING_FINISHED"", ""weight"": 32}}"
"120101","2023-07-31 02:20:57.513616","18.496514","LABELLING_FINISHED","{""0"": {""dt"": ""2023-07-31T02:21:09.820796"", ""status"": ""LABELLING_FINISHED"", ""weight"": 32}, ""1"": {""dt"": ""2023-07-31T02:21:15.540225"", ""status"": ""LABELLING_FINISHED"", ""weight"": 32}, ""2"": {""dt"": ""2023-07-31T02:21:15.031822"", ""status"": ""LABELLING_FINISHED"", ""weight"": 32}, ""3"": {""dt"": ""2023-07-31T02:21:08.768149"", ""status"": ""LABELLING_FINISHED"", ""weight"": 32}, ""4"": {""dt"": ""2023-07-31T02:21:11.617949"", ""status"": ""LABELLING_FINISHED"", ""weight"": 32}, ""5"": {""dt"": ""2023-07-31T02:21:13.140894"", ""status"": ""LABELLING_FINISHED"", ""weight"": 32}, ""6"": {""dt"": ""2023-07-31T02:21:15.589934"", ""status"": ""LABELLING_FINISHED"", ""weight"": 32}, ""7"": {""dt"": ""2023-07-31T02:21:12.572355"", ""status"": ""LABELLING_FINISHED"", ""weight"": 32}, ""8"": {""dt"": ""2023-07-31T02:21:09.441122"", ""status"": ""LABELLING_FINISHED"", ""weight"": 32}, ""9"": {""dt"": ""2023-07-31T02:21:10.751283"", ""status"": ""LABELLING_FINISHED"", ""weight"": 32}, ""10"": {""dt"": ""2023-07-31T02:21:10.867083"", ""status"": ""LABELLING_FINISHED"", ""weight"": 32}, ""11"": {""dt"": ""2023-07-31T02:21:15.088125"", ""status"": ""LABELLING_FINISHED"", ""weight"": 32}, ""12"": {""dt"": ""2023-07-31T02:21:11.228809"", ""status"": ""LABELLING_FINISHED"", ""weight"": 32}}"
"120102","2023-07-31 02:21:07.50661","32.584612","LABELLING_FINISHED","{""0"": {""dt"": ""2023-07-31T02:21:19.445753"", ""status"": ""LABELLING_FINISHED"", ""weight"": 32}, ""1"": {""dt"": ""2023-07-31T02:21:24.629217"", ""status"": ""LABELLING_FINISHED"", ""weight"": 32}, ""2"": {""dt"": ""2023-07-31T02:21:21.918203"", ""status"": ""LABELLING_FINISHED"", ""weight"": 32}, ""3"": {""dt"": ""2023-07-31T02:21:20.569836"", ""status"": ""LABELLING_FINISHED"", ""weight"": 32}, ""4"": {""dt"": ""2023-07-31T02:21:29.119130"", ""status"": ""LABELLING_FINISHED"", ""weight"": 32}, ""5"": {""dt"": ""2023-07-31T02:21:21.392295"", ""status"": ""LABELLING_FINISHED"", ""weight"": 32}, ""6"": {""dt"": ""2023-07-31T02:21:39.815351"", ""status"": ""LABELLING_FINISHED"", ""weight"": 32}, ""7"": {""dt"": ""2023-07-31T02:21:24.753928"", ""status"": ""LABELLING_FINISHED"", ""weight"": 32}, ""8"": {""dt"": ""2023-07-31T02:21:28.373885"", ""status"": ""LABELLING_FINISHED"", ""weight"": 32}, ""9"": {""dt"": ""2023-07-31T02:21:30.384303"", ""status"": ""LABELLING_FINISHED"", ""weight"": 32}, ""10"": {""dt"": ""2023-07-31T02:21:22.548124"", ""status"": ""LABELLING_FINISHED"", ""weight"": 32}, ""11"": {""dt"": ""2023-07-31T02:21:19.602754"", ""status"": ""LABELLING_FINISHED"", ""weight"": 32}, ""12"": {""dt"": ""2023-07-31T02:21:17.796540"", ""status"": ""LABELLING_FINISHED"", ""weight"": 32}}"
"120103","2023-07-31 02:21:17.509776","28.247257","LABELLING_FINISHED","{""0"": {""dt"": ""2023-07-31T02:21:36.712227"", ""status"": ""LABELLING_FINISHED"", ""weight"": 32}, ""1"": {""dt"": ""2023-07-31T02:21:37.509882"", ""status"": ""LABELLING_FINISHED"", ""weight"": 32}, ""2"": {""dt"": ""2023-07-31T02:21:38.500621"", ""status"": ""LABELLING_FINISHED"", ""weight"": 32}, ""3"": {""dt"": ""2023-07-31T02:21:38.658466"", ""status"": ""LABELLING_FINISHED"", ""weight"": 32}, ""4"": {""dt"": ""2023-07-31T02:21:42.546159"", ""status"": ""LABELLING_FINISHED"", ""weight"": 32}, ""5"": {""dt"": ""2023-07-31T02:21:35.677257"", ""status"": ""LABELLING_FINISHED"", ""weight"": 32}, ""6"": {""dt"": ""2023-07-31T02:21:33.420734"", ""status"": ""LABELLING_FINISHED"", ""weight"": 32}, ""7"": {""dt"": ""2023-07-31T02:21:45.463003"", ""status"": ""LABELLING_FINISHED"", ""weight"": 32}, ""8"": {""dt"": ""2023-07-31T02:21:39.066007"", ""status"": ""LABELLING_FINISHED"", ""weight"": 32}, ""9"": {""dt"": ""2023-07-31T02:21:40.740871"", ""status"": ""LABELLING_FINISHED"", ""weight"": 32}, ""10"": {""dt"": ""2023-07-31T02:21:29.424982"", ""status"": ""LABELLING_FINISHED"", ""weight"": 32}, ""11"": {""dt"": ""2023-07-31T02:21:38.275489"", ""status"": ""LABELLING_FINISHED"", ""weight"": 32}, ""12"": {""dt"": ""2023-07-31T02:21:33.109216"", ""status"": ""LABELLING_FINISHED"", ""weight"": 32}}"
"120104","2023-07-31 02:21:27.507938","44.679594","LABELLING_FINISHED","{""0"": {""dt"": ""2023-07-31T02:22:10.320726"", ""status"": ""LABELLING_FINISHED"", ""weight"": 32}, ""1"": {""dt"": ""2023-07-31T02:22:05.451307"", ""status"": ""LABELLING_FINISHED"", ""weight"": 32}, ""2"": {""dt"": ""2023-07-31T02:22:12.046875"", ""status"": ""LABELLING_FINISHED"", ""weight"": 32}, ""3"": {""dt"": ""2023-07-31T02:21:45.443802"", ""status"": ""LABELLING_FINISHED"", ""weight"": 32}, ""4"": {""dt"": ""2023-07-31T02:21:40.037846"", ""status"": ""LABELLING_FINISHED"", ""weight"": 32}, ""5"": {""dt"": ""2023-07-31T02:21:49.752132"", ""status"": ""LABELLING_FINISHED"", ""weight"": 32}, ""6"": {""dt"": ""2023-07-31T02:21:43.861046"", ""status"": ""LABELLING_FINISHED"", ""weight"": 32}, ""7"": {""dt"": ""2023-07-31T02:21:45.218857"", ""status"": ""LABELLING_FINISHED"", ""weight"": 32}, ""8"": {""dt"": ""2023-07-31T02:21:42.709989"", ""status"": ""LABELLING_FINISHED"", ""weight"": 32}, ""9"": {""dt"": ""2023-07-31T02:21:42.208676"", ""status"": ""LABELLING_FINISHED"", ""weight"": 32}, ""10"": {""dt"": ""2023-07-31T02:22:03.274072"", ""status"": ""LABELLING_FINISHED"", ""weight"": 32}, ""11"": {""dt"": ""2023-07-31T02:21:42.761902"", ""status"": ""LABELLING_FINISHED"", ""weight"": 32}, ""12"": {""dt"": ""2023-07-31T02:21:45.783616"", ""status"": ""LABELLING_FINISHED"", ""weight"": 32}}"
"120105","2023-07-31 02:21:37.502209","142.138153","LABELLING_FINISHED","{""0"": {""dt"": ""2023-07-31T02:21:50.536939"", ""status"": ""LABELLING_FINISHED"", ""weight"": 32}, ""1"": {""dt"": ""2023-07-31T02:21:59.756121"", ""status"": ""LABELLING_FINISHED"", ""weight"": 32}, ""2"": {""dt"": ""2023-07-31T02:21:55.859852"", ""status"": ""LABELLING_FINISHED"", ""weight"": 32}, ""3"": {""dt"": ""2023-07-31T02:21:53.978597"", ""status"": ""LABELLING_FINISHED"", ""weight"": 32}, ""4"": {""dt"": ""2023-07-31T02:21:55.933471"", ""status"": ""LABELLING_FINISHED"", ""weight"": 32}, ""5"": {""dt"": ""2023-07-31T02:23:59.392081"", ""status"": ""LABELLING_FINISHED"", ""weight"": 32}, ""6"": {""dt"": ""2023-07-31T02:22:03.296713"", ""status"": ""LABELLING_FINISHED"", ""weight"": 32}, ""7"": {""dt"": ""2023-07-31T02:21:59.537816"", ""status"": ""LABELLING_FINISHED"", ""weight"": 32}, ""8"": {""dt"": ""2023-07-31T02:21:47.666149"", ""status"": ""LABELLING_FINISHED"", ""weight"": 32}, ""9"": {""dt"": ""2023-07-31T02:21:48.201710"", ""status"": ""LABELLING_FINISHED"", ""weight"": 32}, ""10"": {""dt"": ""2023-07-31T02:21:50.328288"", ""status"": ""LABELLING_FINISHED"", ""weight"": 32}, ""11"": {""dt"": ""2023-07-31T02:21:53.115072"", ""status"": ""LABELLING_FINISHED"", ""weight"": 32}, ""12"": {""dt"": ""2023-07-31T02:21:55.872568"", ""status"": ""LABELLING_FINISHED"", ""weight"": 32}}"
"120106","2023-07-31 02:21:47.502307","119.964077","LABELLING_FINISHED","{""0"": {""dt"": ""2023-07-31T02:22:00.332907"", ""status"": ""LABELLING_FINISHED"", ""weight"": 32}, ""1"": {""dt"": ""2023-07-31T02:22:12.591178"", ""status"": ""LABELLING_FINISHED"", ""weight"": 32}, ""2"": {""dt"": ""2023-07-31T02:22:04.948718"", ""status"": ""LABELLING_FINISHED"", ""weight"": 32}, ""3"": {""dt"": ""2023-07-31T02:23:36.059399"", ""status"": ""LABELLING_FINISHED"", ""weight"": 32}, ""4"": {""dt"": ""2023-07-31T02:22:10.863265"", ""status"": ""LABELLING_FINISHED"", ""weight"": 32}, ""5"": {""dt"": ""2023-07-31T02:22:05.362475"", ""status"": ""LABELLING_FINISHED"", ""weight"": 32}, ""6"": {""dt"": ""2023-07-31T02:22:20.486557"", ""status"": ""LABELLING_FINISHED"", ""weight"": 32}, ""7"": {""dt"": ""2023-07-31T02:22:09.796412"", ""status"": ""LABELLING_FINISHED"", ""weight"": 32}, ""8"": {""dt"": ""2023-07-31T02:23:47.314658"", ""status"": ""LABELLING_FINISHED"", ""weight"": 32}, ""9"": {""dt"": ""2023-07-31T02:21:59.113612"", ""status"": ""LABELLING_FINISHED"", ""weight"": 32}, ""10"": {""dt"": ""2023-07-31T02:22:05.195748"", ""status"": ""LABELLING_FINISHED"", ""weight"": 32}, ""11"": {""dt"": ""2023-07-31T02:22:05.134655"", ""status"": ""LABELLING_FINISHED"", ""weight"": 32}, ""12"": {""dt"": ""2023-07-31T02:22:06.307974"", ""status"": ""LABELLING_FINISHED"", ""weight"": 32}}"
"120107","2023-07-31 02:21:57.503458","190.363984","LABELLING_FINISHED","{""0"": {""dt"": ""2023-07-31T02:24:21.107290"", ""status"": ""LABELLING_FINISHED"", ""weight"": 32}, ""1"": {""dt"": ""2023-07-31T02:25:03.069471"", ""status"": ""LABELLING_FINISHED"", ""weight"": 32}, ""2"": {""dt"": ""2023-07-31T02:24:45.592189"", ""status"": ""LABELLING_FINISHED"", ""weight"": 32}, ""3"": {""dt"": ""2023-07-31T02:24:04.044768"", ""status"": ""LABELLING_FINISHED"", ""weight"": 32}, ""4"": {""dt"": ""2023-07-31T02:24:40.003041"", ""status"": ""LABELLING_FINISHED"", ""weight"": 32}, ""5"": {""dt"": ""2023-07-31T02:24:43.023403"", ""status"": ""LABELLING_FINISHED"", ""weight"": 32}, ""6"": {""dt"": ""2023-07-31T02:25:07.555535"", ""status"": ""LABELLING_FINISHED"", ""weight"": 32}, ""7"": {""dt"": ""2023-07-31T02:24:54.584735"", ""status"": ""LABELLING_FINISHED"", ""weight"": 32}, ""8"": {""dt"": ""2023-07-31T02:24:09.304970"", ""status"": ""LABELLING_FINISHED"", ""weight"": 32}, ""9"": {""dt"": ""2023-07-31T02:23:17.933854"", ""status"": ""LABELLING_FINISHED"", ""weight"": 32}, ""10"": {""dt"": ""2023-07-31T02:24:12.453766"", ""status"": ""LABELLING_FINISHED"", ""weight"": 32}, ""11"": {""dt"": ""2023-07-31T02:24:35.753772"", ""status"": ""LABELLING_FINISHED"", ""weight"": 32}, ""12"": {""dt"": ""2023-07-31T02:23:59.819524"", ""status"": ""LABELLING_FINISHED"", ""weight"": 32}}"
"120108","2023-07-31 02:22:07.503956","180.450841","LABELLING_FINISHED","{""0"": {""dt"": ""2023-07-31T02:24:50.585454"", ""status"": ""LABELLING_FINISHED"", ""weight"": 32}, ""1"": {""dt"": ""2023-07-31T02:25:07.680661"", ""status"": ""LABELLING_FINISHED"", ""weight"": 32}, ""2"": {""dt"": ""2023-07-31T02:25:02.875819"", ""status"": ""LABELLING_FINISHED"", ""weight"": 32}, ""3"": {""dt"": ""2023-07-31T02:24:45.361127"", ""status"": ""LABELLING_FINISHED"", ""weight"": 32}, ""4"": {""dt"": ""2023-07-31T02:24:48.791074"", ""status"": ""LABELLING_FINISHED"", ""weight"": 32}, ""5"": {""dt"": ""2023-07-31T02:24:59.587931"", ""status"": ""LABELLING_FINISHED"", ""weight"": 32}, ""6"": {""dt"": ""2023-07-31T02:25:07.276344"", ""status"": ""LABELLING_FINISHED"", ""weight"": 32}, ""7"": {""dt"": ""2023-07-31T02:25:04.974901"", ""status"": ""LABELLING_FINISHED"", ""weight"": 32}, ""8"": {""dt"": ""2023-07-31T02:24:25.913445"", ""status"": ""LABELLING_FINISHED"", ""weight"": 32}, ""9"": {""dt"": ""2023-07-31T02:24:41.544473"", ""status"": ""LABELLING_FINISHED"", ""weight"": 32}, ""10"": {""dt"": ""2023-07-31T02:24:53.223027"", ""status"": ""LABELLING_FINISHED"", ""weight"": 32}, ""11"": {""dt"": ""2023-07-31T02:25:00.436882"", ""status"": ""LABELLING_FINISHED"", ""weight"": 32}, ""12"": {""dt"": ""2023-07-31T02:24:59.370639"", ""status"": ""LABELLING_FINISHED"", ""weight"": 32}}"
"120109","2023-07-31 02:22:17.511283","170.957618","LABELLING_FINISHED","{""0"": {""dt"": ""2023-07-31T02:24:55.959939"", ""status"": ""LABELLING_FINISHED"", ""weight"": 32}, ""1"": {""dt"": ""2023-07-31T02:25:03.746402"", ""status"": ""LABELLING_FINISHED"", ""weight"": 32}, ""2"": {""dt"": ""2023-07-31T02:25:01.304567"", ""status"": ""LABELLING_FINISHED"", ""weight"": 32}, ""3"": {""dt"": ""2023-07-31T02:24:38.766245"", ""status"": ""LABELLING_FINISHED"", ""weight"": 32}, ""4"": {""dt"": ""2023-07-31T02:24:47.688563"", ""status"": ""LABELLING_FINISHED"", ""weight"": 32}, ""5"": {""dt"": ""2023-07-31T02:24:59.254716"", ""status"": ""LABELLING_FINISHED"", ""weight"": 32}, ""6"": {""dt"": ""2023-07-31T02:25:08.200223"", ""status"": ""LABELLING_FINISHED"", ""weight"": 32}, ""7"": {""dt"": ""2023-07-31T02:25:03.109843"", ""status"": ""LABELLING_FINISHED"", ""weight"": 32}, ""8"": {""dt"": ""2023-07-31T02:24:35.586881"", ""status"": ""LABELLING_FINISHED"", ""weight"": 32}, ""9"": {""dt"": ""2023-07-31T02:24:45.453284"", ""status"": ""LABELLING_FINISHED"", ""weight"": 32}, ""10"": {""dt"": ""2023-07-31T02:24:51.479587"", ""status"": ""LABELLING_FINISHED"", ""weight"": 32}, ""11"": {""dt"": ""2023-07-31T02:25:00.462700"", ""status"": ""LABELLING_FINISHED"", ""weight"": 32}, ""12"": {""dt"": ""2023-07-31T02:24:46.283279"", ""status"": ""LABELLING_FINISHED"", ""weight"": 32}}"
"120110","2023-07-31 02:22:27.511805","156.981376","LABELLING_FINISHED","{""0"": {""dt"": ""2023-07-31T02:22:49.957557"", ""status"": ""LABELLING_FINISHED"", ""weight"": 32}, ""1"": {""dt"": ""2023-07-31T02:23:35.263577"", ""status"": ""LABELLING_FINISHED"", ""weight"": 32}, ""2"": {""dt"": ""2023-07-31T02:25:04.336332"", ""status"": ""LABELLING_FINISHED"", ""weight"": 32}, ""3"": {""dt"": ""2023-07-31T02:24:40.697938"", ""status"": ""LABELLING_FINISHED"", ""weight"": 32}, ""4"": {""dt"": ""2023-07-31T02:23:15.299698"", ""status"": ""LABELLING_FINISHED"", ""weight"": 32}, ""5"": {""dt"": ""2023-07-31T02:23:49.986942"", ""status"": ""LABELLING_FINISHED"", ""weight"": 32}, ""6"": {""dt"": ""2023-07-31T02:23:38.690257"", ""status"": ""LABELLING_FINISHED"", ""weight"": 32}, ""7"": {""dt"": ""2023-07-31T02:23:03.675347"", ""status"": ""LABELLING_FINISHED"", ""weight"": 32}, ""8"": {""dt"": ""2023-07-31T02:22:40.555709"", ""status"": ""LABELLING_FINISHED"", ""weight"": 32}, ""9"": {""dt"": ""2023-07-31T02:24:46.973400"", ""status"": ""LABELLING_FINISHED"", ""weight"": 32}, ""10"": {""dt"": ""2023-07-31T02:22:50.039707"", ""status"": ""LABELLING_FINISHED"", ""weight"": 32}, ""11"": {""dt"": ""2023-07-31T02:23:42.169730"", ""status"": ""LABELLING_FINISHED"", ""weight"": 32}, ""12"": {""dt"": ""2023-07-31T02:24:56.832686"", ""status"": ""LABELLING_FINISHED"", ""weight"": 32}}"
"120111","2023-07-31 02:22:37.501681","84.736871","LABELLING_FINISHED","{""0"": {""dt"": ""2023-07-31T02:23:52.647790"", ""status"": ""LABELLING_FINISHED"", ""weight"": 32}, ""1"": {""dt"": ""2023-07-31T02:24:01.867221"", ""status"": ""LABELLING_FINISHED"", ""weight"": 32}, ""2"": {""dt"": ""2023-07-31T02:23:54.155996"", ""status"": ""LABELLING_FINISHED"", ""weight"": 32}, ""3"": {""dt"": ""2023-07-31T02:23:38.705770"", ""status"": ""LABELLING_FINISHED"", ""weight"": 32}, ""4"": {""dt"": ""2023-07-31T02:23:44.052320"", ""status"": ""LABELLING_FINISHED"", ""weight"": 32}, ""5"": {""dt"": ""2023-07-31T02:22:52.131486"", ""status"": ""LABELLING_FINISHED"", ""weight"": 32}, ""6"": {""dt"": ""2023-07-31T02:22:58.191494"", ""status"": ""LABELLING_FINISHED"", ""weight"": 32}, ""7"": {""dt"": ""2023-07-31T02:22:58.106507"", ""status"": ""LABELLING_FINISHED"", ""weight"": 32}, ""8"": {""dt"": ""2023-07-31T02:22:49.696758"", ""status"": ""LABELLING_FINISHED"", ""weight"": 32}, ""9"": {""dt"": ""2023-07-31T02:23:52.418841"", ""status"": ""LABELLING_FINISHED"", ""weight"": 32}, ""10"": {""dt"": ""2023-07-31T02:23:55.942289"", ""status"": ""LABELLING_FINISHED"", ""weight"": 32}, ""11"": {""dt"": ""2023-07-31T02:23:47.518883"", ""status"": ""LABELLING_FINISHED"", ""weight"": 32}, ""12"": {""dt"": ""2023-07-31T02:22:53.673034"", ""status"": ""LABELLING_FINISHED"", ""weight"": 32}}"
"120112","2023-07-31 02:22:47.517093","75.527227","LABELLING_FINISHED","{""0"": {""dt"": ""2023-07-31T02:23:01.149397"", ""status"": ""LABELLING_FINISHED"", ""weight"": 32}, ""1"": {""dt"": ""2023-07-31T02:24:02.291224"", ""status"": ""LABELLING_FINISHED"", ""weight"": 32}, ""2"": {""dt"": ""2023-07-31T02:24:02.046498"", ""status"": ""LABELLING_FINISHED"", ""weight"": 32}, ""3"": {""dt"": ""2023-07-31T02:22:57.822606"", ""status"": ""LABELLING_FINISHED"", ""weight"": 32}, ""4"": {""dt"": ""2023-07-31T02:23:47.624760"", ""status"": ""LABELLING_FINISHED"", ""weight"": 32}, ""5"": {""dt"": ""2023-07-31T02:24:02.492545"", ""status"": ""LABELLING_FINISHED"", ""weight"": 32}, ""6"": {""dt"": ""2023-07-31T02:23:03.627495"", ""status"": ""LABELLING_FINISHED"", ""weight"": 32}, ""7"": {""dt"": ""2023-07-31T02:24:02.872565"", ""status"": ""LABELLING_FINISHED"", ""weight"": 32}, ""8"": {""dt"": ""2023-07-31T02:23:51.109421"", ""status"": ""LABELLING_FINISHED"", ""weight"": 32}, ""9"": {""dt"": ""2023-07-31T02:23:00.493932"", ""status"": ""LABELLING_FINISHED"", ""weight"": 32}, ""10"": {""dt"": ""2023-07-31T02:23:00.560953"", ""status"": ""LABELLING_FINISHED"", ""weight"": 32}, ""11"": {""dt"": ""2023-07-31T02:23:59.434620"", ""status"": ""LABELLING_FINISHED"", ""weight"": 32}, ""12"": {""dt"": ""2023-07-31T02:23:57.218695"", ""status"": ""LABELLING_FINISHED"", ""weight"": 32}}"
